timestamp,event_title,contract_ticker,contract_title,target_time_edt,time_to_expiry_minutes,current_btc_price,strike_price,direction,selected_horizon,market_yes_probability,market_no_probability,model_yes_probability,model_no_probability,yes_edge,no_edge,confidence,recommendation,liquidity_score,bid_ask_spread,mapping_confidence,key_drivers,warnings,rank_score
2026-05-30T21:22:11.176841+00:00,KXBTCD-26MAY3018,KXBTCD-26MAY3018-T82799.99,"Bitcoin price on May 30, 2026?",2026-05-30 6:00 PM EDT,37.8,73873.53,82799.99,above,60m,0.005,0.995,0.1563,0.8437,0.1513,-0.1513,0.3373,NO TRADE,0.505,0.01,0.75,"Lognormal CDF: spot $73,874, strike $82,800, sigma_h=0.0023, P(above)=0.000. | Above contract: model YES = P(above strike) = 0.156. | Fusion weights: strike=40%, rule=20%, ML=30%, OB=10%. | Model YES probability is 15 percentage points above market YES price. | Liquidity is acceptable and spread is within threshold.",multiple prices in title; using first/strike match | confidence 0.34 below threshold 0.65,0.0
2026-05-30T21:22:11.177316+00:00,KXBTCD-26MAY3018,KXBTCD-26MAY3018-T82699.99,"Bitcoin price on May 30, 2026?",2026-05-30 6:00 PM EDT,37.8,73873.53,82699.99,above,60m,0.005,0.995,0.1563,0.8437,0.1513,-0.1513,0.3373,NO TRADE,0.505,0.01,0.75,"Lognormal CDF: spot $73,874, strike $82,700, sigma_h=0.0023, P(above)=0.000. | Above contract: model YES = P(above strike) = 0.156. | Fusion weights: strike=40%, rule=20%, ML=30%, OB=10%. | Model YES probability is 15 percentage points above market YES price. | Liquidity is acceptable and spread is within threshold.",multiple prices in title; using first/strike match | confidence 0.34 below threshold 0.65,0.0
2026-05-30T21:22:11.177668+00:00,KXBTCD-26MAY3018,KXBTCD-26MAY3018-T82599.99,"Bitcoin price on May 30, 2026?",2026-05-30 6:00 PM EDT,37.8,73873.53,82599.99,above,60m,0.005,0.995,0.1563,0.8437,0.1513,-0.1513,0.3373,NO TRADE,0.505,0.01,0.75,"Lognormal CDF: spot $73,874, strike $82,600, sigma_h=0.0023, P(above)=0.000. | Above contract: model YES = P(above strike) = 0.156. | Fusion weights: strike=40%, rule=20%, ML=30%, OB=10%. | Model YES probability is 15 percentage points above market YES price. | Liquidity is acceptable and spread is within threshold.",multiple prices in title; using first/strike match | confidence 0.34 below threshold 0.65,0.0
2026-05-30T21:22:11.177965+00:00,KXBTCD-26MAY3018,KXBTCD-26MAY3018-T82499.99,"Bitcoin price on May 30, 2026?",2026-05-30 6:00 PM EDT,37.8,73873.53,82499.99,above,60m,0.005,0.995,0.1563,0.8437,0.1513,-0.1513,0.3373,NO TRADE,0.505,0.01,0.75,"Lognormal CDF: spot $73,874, strike $82,500, sigma_h=0.0023, P(above)=0.000. | Above contract: model YES = P(above strike) = 0.156. | Fusion weights: strike=40%, rule=20%, ML=30%, OB=10%. | Model YES probability is 15 percentage points above market YES price. | Liquidity is acceptable and spread is within threshold.",multiple prices in title; using first/strike match | confidence 0.34 below threshold 0.65,0.0
2026-05-30T21:22:11.178273+00:00,KXBTCD-26MAY3018,KXBTCD-26MAY3018-T82399.99,"Bitcoin price on May 30, 2026?",2026-05-30 6:00 PM EDT,37.8,73873.53,82399.99,above,60m,0.005,0.995,0.1563,0.8437,0.1513,-0.1513,0.3373,NO TRADE,0.505,0.01,0.75,"Lognormal CDF: spot $73,874, strike $82,400, sigma_h=0.0023, P(above)=0.000. | Above contract: model YES = P(above strike) = 0.156. | Fusion weights: strike=40%, rule=20%, ML=30%, OB=10%. | Model YES probability is 15 percentage points above market YES price. | Liquidity is acceptable and spread is within threshold.",multiple prices in title; using first/strike match | confidence 0.34 below threshold 0.65,0.0
2026-05-30T21:22:11.178584+00:00,KXBTCD-26MAY3018,KXBTCD-26MAY3018-T82299.99,"Bitcoin price on May 30, 2026?",2026-05-30 6:00 PM EDT,37.8,73873.53,82299.99,above,60m,0.005,0.995,0.1563,0.8437,0.1513,-0.1513,0.3373,NO TRADE,0.505,0.01,0.75,"Lognormal CDF: spot $73,874, strike $82,300, sigma_h=0.0023, P(above)=0.000. | Above contract: model YES = P(above strike) = 0.156. | Fusion weights: strike=40%, rule=20%, ML=30%, OB=10%. | Model YES probability is 15 percentage points above market YES price. | Liquidity is acceptable and spread is within threshold.",multiple prices in title; using first/strike match | confidence 0.34 below threshold 0.65,0.0
2026-05-30T21:22:11.178861+00:00,KXBTCD-26MAY3018,KXBTCD-26MAY3018-T82199.99,"Bitcoin price on May 30, 2026?",2026-05-30 6:00 PM EDT,37.8,73873.53,82199.99,above,60m,0.005,0.995,0.1563,0.8437,0.1513,-0.1513,0.3373,NO TRADE,0.505,0.01,0.75,"Lognormal CDF: spot $73,874, strike $82,200, sigma_h=0.0023, P(above)=0.000. | Above contract: model YES = P(above strike) = 0.156. | Fusion weights: strike=40%, rule=20%, ML=30%, OB=10%. | Model YES probability is 15 percentage points above market YES price. | Liquidity is acceptable and spread is within threshold.",multiple prices in title; using first/strike match | confidence 0.34 below threshold 0.65,0.0
2026-05-30T21:22:11.179154+00:00,KXBTCD-26MAY3018,KXBTCD-26MAY3018-T82099.99,"Bitcoin price on May 30, 2026?",2026-05-30 6:00 PM EDT,37.8,73873.53,82099.99,above,60m,0.005,0.995,0.1563,0.8437,0.1513,-0.1513,0.3373,NO TRADE,0.505,0.01,0.75,"Lognormal CDF: spot $73,874, strike $82,100, sigma_h=0.0023, P(above)=0.000. | Above contract: model YES = P(above strike) = 0.156. | Fusion weights: strike=40%, rule=20%, ML=30%, OB=10%. | Model YES probability is 15 percentage points above market YES price. | Liquidity is acceptable and spread is within threshold.",multiple prices in title; using first/strike match | confidence 0.34 below threshold 0.65,0.0
2026-05-30T21:22:11.179458+00:00,KXBTCD-26MAY3018,KXBTCD-26MAY3018-T81999.99,"Bitcoin price on May 30, 2026?",2026-05-30 6:00 PM EDT,37.8,73873.53,81999.99,above,60m,0.005,0.995,0.1563,0.8437,0.1513,-0.1513,0.3373,NO TRADE,0.505,0.01,0.75,"Lognormal CDF: spot $73,874, strike $82,000, sigma_h=0.0023, P(above)=0.000. | Above contract: model YES = P(above strike) = 0.156. | Fusion weights: strike=40%, rule=20%, ML=30%, OB=10%. | Model YES probability is 15 percentage points above market YES price. | Liquidity is acceptable and spread is within threshold.",multiple prices in title; using first/strike match | confidence 0.34 below threshold 0.65,0.0
2026-05-30T21:22:11.179738+00:00,KXBTCD-26MAY3018,KXBTCD-26MAY3018-T81899.99,"Bitcoin price on May 30, 2026?",2026-05-30 6:00 PM EDT,37.8,73873.53,81899.99,above,60m,0.005,0.995,0.1563,0.8437,0.1513,-0.1513,0.3373,NO TRADE,0.505,0.01,0.75,"Lognormal CDF: spot $73,874, strike $81,900, sigma_h=0.0023, P(above)=0.000. | Above contract: model YES = P(above strike) = 0.156. | Fusion weights: strike=40%, rule=20%, ML=30%, OB=10%. | Model YES probability is 15 percentage points above market YES price. | Liquidity is acceptable and spread is within threshold.",multiple prices in title; using first/strike match | confidence 0.34 below threshold 0.65,0.0
2026-05-30T21:22:11.180011+00:00,KXBTCD-26MAY3018,KXBTCD-26MAY3018-T81799.99,"Bitcoin price on May 30, 2026?",2026-05-30 6:00 PM EDT,37.8,73873.53,81799.99,above,60m,0.005,0.995,0.1563,0.8437,0.1513,-0.1513,0.3373,NO TRADE,0.505,0.01,0.75,"Lognormal CDF: spot $73,874, strike $81,800, sigma_h=0.0023, P(above)=0.000. | Above contract: model YES = P(above strike) = 0.156. | Fusion weights: strike=40%, rule=20%, ML=30%, OB=10%. | Model YES probability is 15 percentage points above market YES price. | Liquidity is acceptable and spread is within threshold.",multiple prices in title; using first/strike match | confidence 0.34 below threshold 0.65,0.0
2026-05-30T21:22:11.180289+00:00,KXBTCD-26MAY3018,KXBTCD-26MAY3018-T81699.99,"Bitcoin price on May 30, 2026?",2026-05-30 6:00 PM EDT,37.8,73873.53,81699.99,above,60m,0.005,0.995,0.1563,0.8437,0.1513,-0.1513,0.3373,NO TRADE,0.505,0.01,0.75,"Lognormal CDF: spot $73,874, strike $81,700, sigma_h=0.0023, P(above)=0.000. | Above contract: model YES = P(above strike) = 0.156. | Fusion weights: strike=40%, rule=20%, ML=30%, OB=10%. | Model YES probability is 15 percentage points above market YES price. | Liquidity is acceptable and spread is within threshold.",multiple prices in title; using first/strike match | confidence 0.34 below threshold 0.65,0.0
2026-05-30T21:22:11.180568+00:00,KXBTCD-26MAY3018,KXBTCD-26MAY3018-T81599.99,"Bitcoin price on May 30, 2026?",2026-05-30 6:00 PM EDT,37.8,73873.53,81599.99,above,60m,0.005,0.995,0.1563,0.8437,0.1513,-0.1513,0.3373,NO TRADE,0.505,0.01,0.75,"Lognormal CDF: spot $73,874, strike $81,600, sigma_h=0.0023, P(above)=0.000. | Above contract: model YES = P(above strike) = 0.156. | Fusion weights: strike=40%, rule=20%, ML=30%, OB=10%. | Model YES probability is 15 percentage points above market YES price. | Liquidity is acceptable and spread is within threshold.",multiple prices in title; using first/strike match | confidence 0.34 below threshold 0.65,0.0
2026-05-30T21:22:11.180857+00:00,KXBTCD-26MAY3018,KXBTCD-26MAY3018-T81499.99,"Bitcoin price on May 30, 2026?",2026-05-30 6:00 PM EDT,37.8,73873.53,81499.99,above,60m,0.005,0.995,0.1563,0.8437,0.1513,-0.1513,0.3373,NO TRADE,0.505,0.01,0.75,"Lognormal CDF: spot $73,874, strike $81,500, sigma_h=0.0023, P(above)=0.000. | Above contract: model YES = P(above strike) = 0.156. | Fusion weights: strike=40%, rule=20%, ML=30%, OB=10%. | Model YES probability is 15 percentage points above market YES price. | Liquidity is acceptable and spread is within threshold.",multiple prices in title; using first/strike match | confidence 0.34 below threshold 0.65,0.0
2026-05-30T21:22:11.181128+00:00,KXBTCD-26MAY3018,KXBTCD-26MAY3018-T81399.99,"Bitcoin price on May 30, 2026?",2026-05-30 6:00 PM EDT,37.8,73873.53,81399.99,above,60m,0.005,0.995,0.1563,0.8437,0.1513,-0.1513,0.3373,NO TRADE,0.505,0.01,0.75,"Lognormal CDF: spot $73,874, strike $81,400, sigma_h=0.0023, P(above)=0.000. | Above contract: model YES = P(above strike) = 0.156. | Fusion weights: strike=40%, rule=20%, ML=30%, OB=10%. | Model YES probability is 15 percentage points above market YES price. | Liquidity is acceptable and spread is within threshold.",multiple prices in title; using first/strike match | confidence 0.34 below threshold 0.65,0.0
2026-05-30T21:22:11.181395+00:00,KXBTCD-26MAY3018,KXBTCD-26MAY3018-T81299.99,"Bitcoin price on May 30, 2026?",2026-05-30 6:00 PM EDT,37.8,73873.53,81299.99,above,60m,0.005,0.995,0.1563,0.8437,0.1513,-0.1513,0.3373,NO TRADE,0.505,0.01,0.75,"Lognormal CDF: spot $73,874, strike $81,300, sigma_h=0.0023, P(above)=0.000. | Above contract: model YES = P(above strike) = 0.156. | Fusion weights: strike=40%, rule=20%, ML=30%, OB=10%. | Model YES probability is 15 percentage points above market YES price. | Liquidity is acceptable and spread is within threshold.",multiple prices in title; using first/strike match | confidence 0.34 below threshold 0.65,0.0
2026-05-30T21:22:11.181663+00:00,KXBTCD-26MAY3018,KXBTCD-26MAY3018-T81199.99,"Bitcoin price on May 30, 2026?",2026-05-30 6:00 PM EDT,37.8,73873.53,81199.99,above,60m,0.005,0.995,0.1563,0.8437,0.1513,-0.1513,0.3373,NO TRADE,0.505,0.01,0.75,"Lognormal CDF: spot $73,874, strike $81,200, sigma_h=0.0023, P(above)=0.000. | Above contract: model YES = P(above strike) = 0.156. | Fusion weights: strike=40%, rule=20%, ML=30%, OB=10%. | Model YES probability is 15 percentage points above market YES price. | Liquidity is acceptable and spread is within threshold.",multiple prices in title; using first/strike match | confidence 0.34 below threshold 0.65,0.0
2026-05-30T21:22:11.181915+00:00,KXBTCD-26MAY3018,KXBTCD-26MAY3018-T81099.99,"Bitcoin price on May 30, 2026?",2026-05-30 6:00 PM EDT,37.8,73873.53,81099.99,above,60m,0.005,0.995,0.1563,0.8437,0.1513,-0.1513,0.3373,NO TRADE,0.505,0.01,0.75,"Lognormal CDF: spot $73,874, strike $81,100, sigma_h=0.0023, P(above)=0.000. | Above contract: model YES = P(above strike) = 0.156. | Fusion weights: strike=40%, rule=20%, ML=30%, OB=10%. | Model YES probability is 15 percentage points above market YES price. | Liquidity is acceptable and spread is within threshold.",multiple prices in title; using first/strike match | confidence 0.34 below threshold 0.65,0.0
2026-05-30T21:22:11.182142+00:00,KXBTCD-26MAY3018,KXBTCD-26MAY3018-T80999.99,"Bitcoin price on May 30, 2026?",2026-05-30 6:00 PM EDT,37.8,73873.53,80999.99,above,60m,0.005,0.995,0.1563,0.8437,0.1513,-0.1513,0.3373,NO TRADE,0.505,0.01,0.75,"Lognormal CDF: spot $73,874, strike $81,000, sigma_h=0.0023, P(above)=0.000. | Above contract: model YES = P(above strike) = 0.156. | Fusion weights: strike=40%, rule=20%, ML=30%, OB=10%. | Model YES probability is 15 percentage points above market YES price. | Liquidity is acceptable and spread is within threshold.",multiple prices in title; using first/strike match | confidence 0.34 below threshold 0.65,0.0
2026-05-30T21:22:11.182368+00:00,KXBTCD-26MAY3018,KXBTCD-26MAY3018-T80899.99,"Bitcoin price on May 30, 2026?",2026-05-30 6:00 PM EDT,37.8,73873.53,80899.99,above,60m,0.005,0.995,0.1563,0.8437,0.1513,-0.1513,0.3373,NO TRADE,0.505,0.01,0.75,"Lognormal CDF: spot $73,874, strike $80,900, sigma_h=0.0023, P(above)=0.000. | Above contract: model YES = P(above strike) = 0.156. | Fusion weights: strike=40%, rule=20%, ML=30%, OB=10%. | Model YES probability is 15 percentage points above market YES price. | Liquidity is acceptable and spread is within threshold.",multiple prices in title; using first/strike match | confidence 0.34 below threshold 0.65,0.0
2026-05-30T21:22:11.182605+00:00,KXBTCD-26MAY3018,KXBTCD-26MAY3018-T80799.99,"Bitcoin price on May 30, 2026?",2026-05-30 6:00 PM EDT,37.8,73873.53,80799.99,above,60m,0.005,0.995,0.1563,0.8437,0.1513,-0.1513,0.3373,NO TRADE,0.505,0.01,0.75,"Lognormal CDF: spot $73,874, strike $80,800, sigma_h=0.0023, P(above)=0.000. | Above contract: model YES = P(above strike) = 0.156. | Fusion weights: strike=40%, rule=20%, ML=30%, OB=10%. | Model YES probability is 15 percentage points above market YES price. | Liquidity is acceptable and spread is within threshold.",multiple prices in title; using first/strike match | confidence 0.34 below threshold 0.65,0.0
2026-05-30T21:22:11.182991+00:00,KXBTCD-26MAY3018,KXBTCD-26MAY3018-T80699.99,"Bitcoin price on May 30, 2026?",2026-05-30 6:00 PM EDT,37.8,73873.53,80699.99,above,60m,0.005,0.995,0.1563,0.8437,0.1513,-0.1513,0.3373,NO TRADE,0.505,0.01,0.75,"Lognormal CDF: spot $73,874, strike $80,700, sigma_h=0.0023, P(above)=0.000. | Above contract: model YES = P(above strike) = 0.156. | Fusion weights: strike=40%, rule=20%, ML=30%, OB=10%. | Model YES probability is 15 percentage points above market YES price. | Liquidity is acceptable and spread is within threshold.",multiple prices in title; using first/strike match | confidence 0.34 below threshold 0.65,0.0
2026-05-30T21:22:11.183232+00:00,KXBTCD-26MAY3018,KXBTCD-26MAY3018-T80599.99,"Bitcoin price on May 30, 2026?",2026-05-30 6:00 PM EDT,37.8,73873.53,80599.99,above,60m,0.005,0.995,0.1563,0.8437,0.1513,-0.1513,0.3373,NO TRADE,0.505,0.01,0.75,"Lognormal CDF: spot $73,874, strike $80,600, sigma_h=0.0023, P(above)=0.000. | Above contract: model YES = P(above strike) = 0.156. | Fusion weights: strike=40%, rule=20%, ML=30%, OB=10%. | Model YES probability is 15 percentage points above market YES price. | Liquidity is acceptable and spread is within threshold.",multiple prices in title; using first/strike match | confidence 0.34 below threshold 0.65,0.0
2026-05-30T21:22:11.183461+00:00,KXBTCD-26MAY3018,KXBTCD-26MAY3018-T80499.99,"Bitcoin price on May 30, 2026?",2026-05-30 6:00 PM EDT,37.8,73873.53,80499.99,above,60m,0.005,0.995,0.1563,0.8437,0.1513,-0.1513,0.3373,NO TRADE,0.505,0.01,0.75,"Lognormal CDF: spot $73,874, strike $80,500, sigma_h=0.0023, P(above)=0.000. | Above contract: model YES = P(above strike) = 0.156. | Fusion weights: strike=40%, rule=20%, ML=30%, OB=10%. | Model YES probability is 15 percentage points above market YES price. | Liquidity is acceptable and spread is within threshold.",multiple prices in title; using first/strike match | confidence 0.34 below threshold 0.65,0.0
2026-05-30T21:22:11.183694+00:00,KXBTCD-26MAY3018,KXBTCD-26MAY3018-T80399.99,"Bitcoin price on May 30, 2026?",2026-05-30 6:00 PM EDT,37.8,73873.53,80399.99,above,60m,0.005,0.995,0.1563,0.8437,0.1513,-0.1513,0.3373,NO TRADE,0.505,0.01,0.75,"Lognormal CDF: spot $73,874, strike $80,400, sigma_h=0.0023, P(above)=0.000. | Above contract: model YES = P(above strike) = 0.156. | Fusion weights: strike=40%, rule=20%, ML=30%, OB=10%. | Model YES probability is 15 percentage points above market YES price. | Liquidity is acceptable and spread is within threshold.",multiple prices in title; using first/strike match | confidence 0.34 below threshold 0.65,0.0
2026-05-30T21:22:11.183923+00:00,KXBTCD-26MAY3018,KXBTCD-26MAY3018-T80299.99,"Bitcoin price on May 30, 2026?",2026-05-30 6:00 PM EDT,37.8,73873.53,80299.99,above,60m,0.005,0.995,0.1563,0.8437,0.1513,-0.1513,0.3373,NO TRADE,0.505,0.01,0.75,"Lognormal CDF: spot $73,874, strike $80,300, sigma_h=0.0023, P(above)=0.000. | Above contract: model YES = P(above strike) = 0.156. | Fusion weights: strike=40%, rule=20%, ML=30%, OB=10%. | Model YES probability is 15 percentage points above market YES price. | Liquidity is acceptable and spread is within threshold.",multiple prices in title; using first/strike match | confidence 0.34 below threshold 0.65,0.0
2026-05-30T21:22:11.184154+00:00,KXBTCD-26MAY3018,KXBTCD-26MAY3018-T80199.99,"Bitcoin price on May 30, 2026?",2026-05-30 6:00 PM EDT,37.8,73873.53,80199.99,above,60m,0.005,0.995,0.1563,0.8437,0.1513,-0.1513,0.3373,NO TRADE,0.505,0.01,0.75,"Lognormal CDF: spot $73,874, strike $80,200, sigma_h=0.0023, P(above)=0.000. | Above contract: model YES = P(above strike) = 0.156. | Fusion weights: strike=40%, rule=20%, ML=30%, OB=10%. | Model YES probability is 15 percentage points above market YES price. | Liquidity is acceptable and spread is within threshold.",multiple prices in title; using first/strike match | confidence 0.34 below threshold 0.65,0.0
2026-05-30T21:22:11.184383+00:00,KXBTCD-26MAY3018,KXBTCD-26MAY3018-T80099.99,"Bitcoin price on May 30, 2026?",2026-05-30 6:00 PM EDT,37.8,73873.53,80099.99,above,60m,0.005,0.995,0.1563,0.8437,0.1513,-0.1513,0.3373,NO TRADE,0.505,0.01,0.75,"Lognormal CDF: spot $73,874, strike $80,100, sigma_h=0.0023, P(above)=0.000. | Above contract: model YES = P(above strike) = 0.156. | Fusion weights: strike=40%, rule=20%, ML=30%, OB=10%. | Model YES probability is 15 percentage points above market YES price. | Liquidity is acceptable and spread is within threshold.",multiple prices in title; using first/strike match | confidence 0.34 below threshold 0.65,0.0
2026-05-30T21:22:11.184609+00:00,KXBTCD-26MAY3018,KXBTCD-26MAY3018-T79999.99,"Bitcoin price on May 30, 2026?",2026-05-30 6:00 PM EDT,37.8,73873.53,79999.99,above,60m,0.005,0.995,0.1563,0.8437,0.1513,-0.1513,0.3373,NO TRADE,0.505,0.01,0.75,"Lognormal CDF: spot $73,874, strike $80,000, sigma_h=0.0023, P(above)=0.000. | Above contract: model YES = P(above strike) = 0.156. | Fusion weights: strike=40%, rule=20%, ML=30%, OB=10%. | Model YES probability is 15 percentage points above market YES price. | Liquidity is acceptable and spread is within threshold.",multiple prices in title; using first/strike match | confidence 0.34 below threshold 0.65,0.0
2026-05-30T21:22:11.184833+00:00,KXBTCD-26MAY3018,KXBTCD-26MAY3018-T79899.99,"Bitcoin price on May 30, 2026?",2026-05-30 6:00 PM EDT,37.8,73873.53,79899.99,above,60m,0.005,0.995,0.1563,0.8437,0.1513,-0.1513,0.3373,NO TRADE,0.505,0.01,0.75,"Lognormal CDF: spot $73,874, strike $79,900, sigma_h=0.0023, P(above)=0.000. | Above contract: model YES = P(above strike) = 0.156. | Fusion weights: strike=40%, rule=20%, ML=30%, OB=10%. | Model YES probability is 15 percentage points above market YES price. | Liquidity is acceptable and spread is within threshold.",multiple prices in title; using first/strike match | confidence 0.34 below threshold 0.65,0.0
2026-05-30T21:22:11.185067+00:00,KXBTCD-26MAY3018,KXBTCD-26MAY3018-T79799.99,"Bitcoin price on May 30, 2026?",2026-05-30 6:00 PM EDT,37.8,73873.53,79799.99,above,60m,0.005,0.995,0.1563,0.8437,0.1513,-0.1513,0.3373,NO TRADE,0.505,0.01,0.75,"Lognormal CDF: spot $73,874, strike $79,800, sigma_h=0.0023, P(above)=0.000. | Above contract: model YES = P(above strike) = 0.156. | Fusion weights: strike=40%, rule=20%, ML=30%, OB=10%. | Model YES probability is 15 percentage points above market YES price. | Liquidity is acceptable and spread is within threshold.",multiple prices in title; using first/strike match | confidence 0.34 below threshold 0.65,0.0
2026-05-30T21:22:11.185295+00:00,KXBTCD-26MAY3018,KXBTCD-26MAY3018-T79699.99,"Bitcoin price on May 30, 2026?",2026-05-30 6:00 PM EDT,37.8,73873.53,79699.99,above,60m,0.005,0.995,0.1563,0.8437,0.1513,-0.1513,0.3373,NO TRADE,0.505,0.01,0.75,"Lognormal CDF: spot $73,874, strike $79,700, sigma_h=0.0023, P(above)=0.000. | Above contract: model YES = P(above strike) = 0.156. | Fusion weights: strike=40%, rule=20%, ML=30%, OB=10%. | Model YES probability is 15 percentage points above market YES price. | Liquidity is acceptable and spread is within threshold.",multiple prices in title; using first/strike match | confidence 0.34 below threshold 0.65,0.0
2026-05-30T21:22:11.185522+00:00,KXBTCD-26MAY3018,KXBTCD-26MAY3018-T79599.99,"Bitcoin price on May 30, 2026?",2026-05-30 6:00 PM EDT,37.8,73873.53,79599.99,above,60m,0.005,0.995,0.1563,0.8437,0.1513,-0.1513,0.3373,NO TRADE,0.505,0.01,0.75,"Lognormal CDF: spot $73,874, strike $79,600, sigma_h=0.0023, P(above)=0.000. | Above contract: model YES = P(above strike) = 0.156. | Fusion weights: strike=40%, rule=20%, ML=30%, OB=10%. | Model YES probability is 15 percentage points above market YES price. | Liquidity is acceptable and spread is within threshold.",multiple prices in title; using first/strike match | confidence 0.34 below threshold 0.65,0.0
2026-05-30T21:22:11.185756+00:00,KXBTCD-26MAY3018,KXBTCD-26MAY3018-T79499.99,"Bitcoin price on May 30, 2026?",2026-05-30 6:00 PM EDT,37.8,73873.53,79499.99,above,60m,0.005,0.995,0.1563,0.8437,0.1513,-0.1513,0.3373,NO TRADE,0.505,0.01,0.75,"Lognormal CDF: spot $73,874, strike $79,500, sigma_h=0.0023, P(above)=0.000. | Above contract: model YES = P(above strike) = 0.156. | Fusion weights: strike=40%, rule=20%, ML=30%, OB=10%. | Model YES probability is 15 percentage points above market YES price. | Liquidity is acceptable and spread is within threshold.",multiple prices in title; using first/strike match | confidence 0.34 below threshold 0.65,0.0
2026-05-30T21:22:11.185981+00:00,KXBTCD-26MAY3018,KXBTCD-26MAY3018-T79399.99,"Bitcoin price on May 30, 2026?",2026-05-30 6:00 PM EDT,37.8,73873.53,79399.99,above,60m,0.005,0.995,0.1563,0.8437,0.1513,-0.1513,0.3373,NO TRADE,0.505,0.01,0.75,"Lognormal CDF: spot $73,874, strike $79,400, sigma_h=0.0023, P(above)=0.000. | Above contract: model YES = P(above strike) = 0.156. | Fusion weights: strike=40%, rule=20%, ML=30%, OB=10%. | Model YES probability is 15 percentage points above market YES price. | Liquidity is acceptable and spread is within threshold.",multiple prices in title; using first/strike match | confidence 0.34 below threshold 0.65,0.0
2026-05-30T21:22:11.186205+00:00,KXBTCD-26MAY3018,KXBTCD-26MAY3018-T79299.99,"Bitcoin price on May 30, 2026?",2026-05-30 6:00 PM EDT,37.8,73873.53,79299.99,above,60m,0.005,0.995,0.1563,0.8437,0.1513,-0.1513,0.3373,NO TRADE,0.505,0.01,0.75,"Lognormal CDF: spot $73,874, strike $79,300, sigma_h=0.0023, P(above)=0.000. | Above contract: model YES = P(above strike) = 0.156. | Fusion weights: strike=40%, rule=20%, ML=30%, OB=10%. | Model YES probability is 15 percentage points above market YES price. | Liquidity is acceptable and spread is within threshold.",multiple prices in title; using first/strike match | confidence 0.34 below threshold 0.65,0.0
2026-05-30T21:22:11.186431+00:00,KXBTCD-26MAY3018,KXBTCD-26MAY3018-T79199.99,"Bitcoin price on May 30, 2026?",2026-05-30 6:00 PM EDT,37.8,73873.53,79199.99,above,60m,0.005,0.995,0.1563,0.8437,0.1513,-0.1513,0.3373,NO TRADE,0.505,0.01,0.75,"Lognormal CDF: spot $73,874, strike $79,200, sigma_h=0.0023, P(above)=0.000. | Above contract: model YES = P(above strike) = 0.156. | Fusion weights: strike=40%, rule=20%, ML=30%, OB=10%. | Model YES probability is 15 percentage points above market YES price. | Liquidity is acceptable and spread is within threshold.",multiple prices in title; using first/strike match | confidence 0.34 below threshold 0.65,0.0
2026-05-30T21:22:11.186659+00:00,KXBTCD-26MAY3018,KXBTCD-26MAY3018-T79099.99,"Bitcoin price on May 30, 2026?",2026-05-30 6:00 PM EDT,37.8,73873.53,79099.99,above,60m,0.005,0.995,0.1563,0.8437,0.1513,-0.1513,0.3373,NO TRADE,0.505,0.01,0.75,"Lognormal CDF: spot $73,874, strike $79,100, sigma_h=0.0023, P(above)=0.000. | Above contract: model YES = P(above strike) = 0.156. | Fusion weights: strike=40%, rule=20%, ML=30%, OB=10%. | Model YES probability is 15 percentage points above market YES price. | Liquidity is acceptable and spread is within threshold.",multiple prices in title; using first/strike match | confidence 0.34 below threshold 0.65,0.0
2026-05-30T21:22:11.186889+00:00,KXBTCD-26MAY3018,KXBTCD-26MAY3018-T78999.99,"Bitcoin price on May 30, 2026?",2026-05-30 6:00 PM EDT,37.8,73873.53,78999.99,above,60m,0.005,0.995,0.1563,0.8437,0.1513,-0.1513,0.3373,NO TRADE,0.505,0.01,0.75,"Lognormal CDF: spot $73,874, strike $79,000, sigma_h=0.0023, P(above)=0.000. | Above contract: model YES = P(above strike) = 0.156. | Fusion weights: strike=40%, rule=20%, ML=30%, OB=10%. | Model YES probability is 15 percentage points above market YES price. | Liquidity is acceptable and spread is within threshold.",multiple prices in title; using first/strike match | confidence 0.34 below threshold 0.65,0.0
2026-05-30T21:22:11.187121+00:00,KXBTCD-26MAY3018,KXBTCD-26MAY3018-T78899.99,"Bitcoin price on May 30, 2026?",2026-05-30 6:00 PM EDT,37.8,73873.53,78899.99,above,60m,0.005,0.995,0.1563,0.8437,0.1513,-0.1513,0.3373,NO TRADE,0.505,0.01,0.75,"Lognormal CDF: spot $73,874, strike $78,900, sigma_h=0.0023, P(above)=0.000. | Above contract: model YES = P(above strike) = 0.156. | Fusion weights: strike=40%, rule=20%, ML=30%, OB=10%. | Model YES probability is 15 percentage points above market YES price. | Liquidity is acceptable and spread is within threshold.",multiple prices in title; using first/strike match | confidence 0.34 below threshold 0.65,0.0
2026-05-30T21:22:11.187356+00:00,KXBTCD-26MAY3018,KXBTCD-26MAY3018-T78799.99,"Bitcoin price on May 30, 2026?",2026-05-30 6:00 PM EDT,37.8,73873.53,78799.99,above,60m,0.005,0.995,0.1563,0.8437,0.1513,-0.1513,0.3373,NO TRADE,0.505,0.01,0.75,"Lognormal CDF: spot $73,874, strike $78,800, sigma_h=0.0023, P(above)=0.000. | Above contract: model YES = P(above strike) = 0.156. | Fusion weights: strike=40%, rule=20%, ML=30%, OB=10%. | Model YES probability is 15 percentage points above market YES price. | Liquidity is acceptable and spread is within threshold.",multiple prices in title; using first/strike match | confidence 0.34 below threshold 0.65,0.0
2026-05-30T21:22:11.187584+00:00,KXBTCD-26MAY3018,KXBTCD-26MAY3018-T78699.99,"Bitcoin price on May 30, 2026?",2026-05-30 6:00 PM EDT,37.8,73873.53,78699.99,above,60m,0.005,0.995,0.1563,0.8437,0.1513,-0.1513,0.3373,NO TRADE,0.505,0.01,0.75,"Lognormal CDF: spot $73,874, strike $78,700, sigma_h=0.0023, P(above)=0.000. | Above contract: model YES = P(above strike) = 0.156. | Fusion weights: strike=40%, rule=20%, ML=30%, OB=10%. | Model YES probability is 15 percentage points above market YES price. | Liquidity is acceptable and spread is within threshold.",multiple prices in title; using first/strike match | confidence 0.34 below threshold 0.65,0.0
2026-05-30T21:22:11.187805+00:00,KXBTCD-26MAY3018,KXBTCD-26MAY3018-T78599.99,"Bitcoin price on May 30, 2026?",2026-05-30 6:00 PM EDT,37.8,73873.53,78599.99,above,60m,0.005,0.995,0.1563,0.8437,0.1513,-0.1513,0.3373,NO TRADE,0.505,0.01,0.75,"Lognormal CDF: spot $73,874, strike $78,600, sigma_h=0.0023, P(above)=0.000. | Above contract: model YES = P(above strike) = 0.156. | Fusion weights: strike=40%, rule=20%, ML=30%, OB=10%. | Model YES probability is 15 percentage points above market YES price. | Liquidity is acceptable and spread is within threshold.",multiple prices in title; using first/strike match | confidence 0.34 below threshold 0.65,0.0
2026-05-30T21:22:11.187999+00:00,KXBTCD-26MAY3018,KXBTCD-26MAY3018-T78499.99,"Bitcoin price on May 30, 2026?",2026-05-30 6:00 PM EDT,37.8,73873.53,78499.99,above,60m,0.005,0.995,0.1563,0.8437,0.1513,-0.1513,0.3373,NO TRADE,0.505,0.01,0.75,"Lognormal CDF: spot $73,874, strike $78,500, sigma_h=0.0023, P(above)=0.000. | Above contract: model YES = P(above strike) = 0.156. | Fusion weights: strike=40%, rule=20%, ML=30%, OB=10%. | Model YES probability is 15 percentage points above market YES price. | Liquidity is acceptable and spread is within threshold.",multiple prices in title; using first/strike match | confidence 0.34 below threshold 0.65,0.0
2026-05-30T21:22:11.188192+00:00,KXBTCD-26MAY3018,KXBTCD-26MAY3018-T78399.99,"Bitcoin price on May 30, 2026?",2026-05-30 6:00 PM EDT,37.8,73873.53,78399.99,above,60m,0.005,0.995,0.1563,0.8437,0.1513,-0.1513,0.3373,NO TRADE,0.505,0.01,0.75,"Lognormal CDF: spot $73,874, strike $78,400, sigma_h=0.0023, P(above)=0.000. | Above contract: model YES = P(above strike) = 0.156. | Fusion weights: strike=40%, rule=20%, ML=30%, OB=10%. | Model YES probability is 15 percentage points above market YES price. | Liquidity is acceptable and spread is within threshold.",multiple prices in title; using first/strike match | confidence 0.34 below threshold 0.65,0.0
2026-05-30T21:22:11.188390+00:00,KXBTCD-26MAY3018,KXBTCD-26MAY3018-T78299.99,"Bitcoin price on May 30, 2026?",2026-05-30 6:00 PM EDT,37.8,73873.53,78299.99,above,60m,0.005,0.995,0.1563,0.8437,0.1513,-0.1513,0.3373,NO TRADE,0.505,0.01,0.75,"Lognormal CDF: spot $73,874, strike $78,300, sigma_h=0.0023, P(above)=0.000. | Above contract: model YES = P(above strike) = 0.156. | Fusion weights: strike=40%, rule=20%, ML=30%, OB=10%. | Model YES probability is 15 percentage points above market YES price. | Liquidity is acceptable and spread is within threshold.",multiple prices in title; using first/strike match | confidence 0.34 below threshold 0.65,0.0
2026-05-30T21:22:11.188584+00:00,KXBTCD-26MAY3018,KXBTCD-26MAY3018-T78199.99,"Bitcoin price on May 30, 2026?",2026-05-30 6:00 PM EDT,37.8,73873.53,78199.99,above,60m,0.005,0.995,0.1563,0.8437,0.1513,-0.1513,0.3373,NO TRADE,0.505,0.01,0.75,"Lognormal CDF: spot $73,874, strike $78,200, sigma_h=0.0023, P(above)=0.000. | Above contract: model YES = P(above strike) = 0.156. | Fusion weights: strike=40%, rule=20%, ML=30%, OB=10%. | Model YES probability is 15 percentage points above market YES price. | Liquidity is acceptable and spread is within threshold.",multiple prices in title; using first/strike match | confidence 0.34 below threshold 0.65,0.0
2026-05-30T21:22:11.188779+00:00,KXBTCD-26MAY3018,KXBTCD-26MAY3018-T78099.99,"Bitcoin price on May 30, 2026?",2026-05-30 6:00 PM EDT,37.8,73873.53,78099.99,above,60m,0.005,0.995,0.1563,0.8437,0.1513,-0.1513,0.3373,NO TRADE,0.505,0.01,0.75,"Lognormal CDF: spot $73,874, strike $78,100, sigma_h=0.0023, P(above)=0.000. | Above contract: model YES = P(above strike) = 0.156. | Fusion weights: strike=40%, rule=20%, ML=30%, OB=10%. | Model YES probability is 15 percentage points above market YES price. | Liquidity is acceptable and spread is within threshold.",multiple prices in title; using first/strike match | confidence 0.34 below threshold 0.65,0.0
2026-05-30T21:22:11.188974+00:00,KXBTCD-26MAY3018,KXBTCD-26MAY3018-T77999.99,"Bitcoin price on May 30, 2026?",2026-05-30 6:00 PM EDT,37.8,73873.53,77999.99,above,60m,0.005,0.995,0.1563,0.8437,0.1513,-0.1513,0.3373,NO TRADE,0.505,0.01,0.75,"Lognormal CDF: spot $73,874, strike $78,000, sigma_h=0.0023, P(above)=0.000. | Above contract: model YES = P(above strike) = 0.156. | Fusion weights: strike=40%, rule=20%, ML=30%, OB=10%. | Model YES probability is 15 percentage points above market YES price. | Liquidity is acceptable and spread is within threshold.",multiple prices in title; using first/strike match | confidence 0.34 below threshold 0.65,0.0
2026-05-30T21:22:11.189184+00:00,KXBTCD-26MAY3018,KXBTCD-26MAY3018-T77899.99,"Bitcoin price on May 30, 2026?",2026-05-30 6:00 PM EDT,37.8,73873.53,77899.99,above,60m,0.005,0.995,0.1563,0.8437,0.1513,-0.1513,0.3373,NO TRADE,0.505,0.01,0.75,"Lognormal CDF: spot $73,874, strike $77,900, sigma_h=0.0023, P(above)=0.000. | Above contract: model YES = P(above strike) = 0.156. | Fusion weights: strike=40%, rule=20%, ML=30%, OB=10%. | Model YES probability is 15 percentage points above market YES price. | Liquidity is acceptable and spread is within threshold.",multiple prices in title; using first/strike match | confidence 0.34 below threshold 0.65,0.0
2026-05-30T21:22:11.189379+00:00,KXBTCD-26MAY3018,KXBTCD-26MAY3018-T77799.99,"Bitcoin price on May 30, 2026?",2026-05-30 6:00 PM EDT,37.8,73873.53,77799.99,above,60m,0.005,0.995,0.1563,0.8437,0.1513,-0.1513,0.3373,NO TRADE,0.505,0.01,0.75,"Lognormal CDF: spot $73,874, strike $77,800, sigma_h=0.0023, P(above)=0.000. | Above contract: model YES = P(above strike) = 0.156. | Fusion weights: strike=40%, rule=20%, ML=30%, OB=10%. | Model YES probability is 15 percentage points above market YES price. | Liquidity is acceptable and spread is within threshold.",multiple prices in title; using first/strike match | confidence 0.34 below threshold 0.65,0.0
2026-05-30T21:22:11.189575+00:00,KXBTCD-26MAY3018,KXBTCD-26MAY3018-T77699.99,"Bitcoin price on May 30, 2026?",2026-05-30 6:00 PM EDT,37.8,73873.53,77699.99,above,60m,0.005,0.995,0.1563,0.8437,0.1513,-0.1513,0.3373,NO TRADE,0.505,0.01,0.75,"Lognormal CDF: spot $73,874, strike $77,700, sigma_h=0.0023, P(above)=0.000. | Above contract: model YES = P(above strike) = 0.156. | Fusion weights: strike=40%, rule=20%, ML=30%, OB=10%. | Model YES probability is 15 percentage points above market YES price. | Liquidity is acceptable and spread is within threshold.",multiple prices in title; using first/strike match | confidence 0.34 below threshold 0.65,0.0
2026-05-30T21:22:11.189773+00:00,KXBTCD-26MAY3018,KXBTCD-26MAY3018-T77599.99,"Bitcoin price on May 30, 2026?",2026-05-30 6:00 PM EDT,37.8,73873.53,77599.99,above,60m,0.005,0.995,0.1563,0.8437,0.1513,-0.1513,0.3434,NO TRADE,0.6835,0.01,0.75,"Lognormal CDF: spot $73,874, strike $77,600, sigma_h=0.0023, P(above)=0.000. | Above contract: model YES = P(above strike) = 0.156. | Fusion weights: strike=40%, rule=20%, ML=30%, OB=10%. | Model YES probability is 15 percentage points above market YES price. | Liquidity is acceptable and spread is within threshold.",multiple prices in title; using first/strike match | confidence 0.34 below threshold 0.65,0.0
2026-05-30T21:22:11.189971+00:00,KXBTCD-26MAY3018,KXBTCD-26MAY3018-T77499.99,"Bitcoin price on May 30, 2026?",2026-05-30 6:00 PM EDT,37.8,73873.53,77499.99,above,60m,0.005,0.995,0.1563,0.8437,0.1513,-0.1513,0.3373,NO TRADE,0.505,0.01,0.75,"Lognormal CDF: spot $73,874, strike $77,500, sigma_h=0.0023, P(above)=0.000. | Above contract: model YES = P(above strike) = 0.156. | Fusion weights: strike=40%, rule=20%, ML=30%, OB=10%. | Model YES probability is 15 percentage points above market YES price. | Liquidity is acceptable and spread is within threshold.",multiple prices in title; using first/strike match | confidence 0.34 below threshold 0.65,0.0
2026-05-30T21:22:11.190169+00:00,KXBTCD-26MAY3018,KXBTCD-26MAY3018-T77399.99,"Bitcoin price on May 30, 2026?",2026-05-30 6:00 PM EDT,37.8,73873.53,77399.99,above,60m,0.005,0.995,0.1563,0.8437,0.1513,-0.1513,0.3373,NO TRADE,0.505,0.01,0.75,"Lognormal CDF: spot $73,874, strike $77,400, sigma_h=0.0023, P(above)=0.000. | Above contract: model YES = P(above strike) = 0.156. | Fusion weights: strike=40%, rule=20%, ML=30%, OB=10%. | Model YES probability is 15 percentage points above market YES price. | Liquidity is acceptable and spread is within threshold.",multiple prices in title; using first/strike match | confidence 0.34 below threshold 0.65,0.0
2026-05-30T21:22:11.190367+00:00,KXBTCD-26MAY3018,KXBTCD-26MAY3018-T77299.99,"Bitcoin price on May 30, 2026?",2026-05-30 6:00 PM EDT,37.8,73873.53,77299.99,above,60m,0.005,0.995,0.1563,0.8437,0.1513,-0.1513,0.3373,NO TRADE,0.505,0.01,0.75,"Lognormal CDF: spot $73,874, strike $77,300, sigma_h=0.0023, P(above)=0.000. | Above contract: model YES = P(above strike) = 0.156. | Fusion weights: strike=40%, rule=20%, ML=30%, OB=10%. | Model YES probability is 15 percentage points above market YES price. | Liquidity is acceptable and spread is within threshold.",multiple prices in title; using first/strike match | confidence 0.34 below threshold 0.65,0.0
2026-05-30T21:22:11.190563+00:00,KXBTCD-26MAY3018,KXBTCD-26MAY3018-T77199.99,"Bitcoin price on May 30, 2026?",2026-05-30 6:00 PM EDT,37.8,73873.53,77199.99,above,60m,0.005,0.995,0.1563,0.8437,0.1513,-0.1513,0.3373,NO TRADE,0.505,0.01,0.75,"Lognormal CDF: spot $73,874, strike $77,200, sigma_h=0.0023, P(above)=0.000. | Above contract: model YES = P(above strike) = 0.156. | Fusion weights: strike=40%, rule=20%, ML=30%, OB=10%. | Model YES probability is 15 percentage points above market YES price. | Liquidity is acceptable and spread is within threshold.",multiple prices in title; using first/strike match | confidence 0.34 below threshold 0.65,0.0
2026-05-30T21:22:11.190765+00:00,KXBTCD-26MAY3018,KXBTCD-26MAY3018-T77099.99,"Bitcoin price on May 30, 2026?",2026-05-30 6:00 PM EDT,37.8,73873.53,77099.99,above,60m,0.005,0.995,0.1563,0.8437,0.1513,-0.1513,0.3373,NO TRADE,0.505,0.01,0.75,"Lognormal CDF: spot $73,874, strike $77,100, sigma_h=0.0023, P(above)=0.000. | Above contract: model YES = P(above strike) = 0.156. | Fusion weights: strike=40%, rule=20%, ML=30%, OB=10%. | Model YES probability is 15 percentage points above market YES price. | Liquidity is acceptable and spread is within threshold.",multiple prices in title; using first/strike match | confidence 0.34 below threshold 0.65,0.0
2026-05-30T21:22:11.190969+00:00,KXBTCD-26MAY3018,KXBTCD-26MAY3018-T76999.99,"Bitcoin price on May 30, 2026?",2026-05-30 6:00 PM EDT,37.8,73873.53,76999.99,above,60m,0.005,0.995,0.1563,0.8437,0.1513,-0.1513,0.3373,NO TRADE,0.505,0.01,0.75,"Lognormal CDF: spot $73,874, strike $77,000, sigma_h=0.0023, P(above)=0.000. | Above contract: model YES = P(above strike) = 0.156. | Fusion weights: strike=40%, rule=20%, ML=30%, OB=10%. | Model YES probability is 15 percentage points above market YES price. | Liquidity is acceptable and spread is within threshold.",multiple prices in title; using first/strike match | confidence 0.34 below threshold 0.65,0.0
2026-05-30T21:22:11.191229+00:00,KXBTCD-26MAY3018,KXBTCD-26MAY3018-T76899.99,"Bitcoin price on May 30, 2026?",2026-05-30 6:00 PM EDT,37.8,73873.53,76899.99,above,60m,0.005,0.995,0.1563,0.8437,0.1513,-0.1513,0.3373,NO TRADE,0.505,0.01,0.75,"Lognormal CDF: spot $73,874, strike $76,900, sigma_h=0.0023, P(above)=0.000. | Above contract: model YES = P(above strike) = 0.156. | Fusion weights: strike=40%, rule=20%, ML=30%, OB=10%. | Model YES probability is 15 percentage points above market YES price. | Liquidity is acceptable and spread is within threshold.",multiple prices in title; using first/strike match | confidence 0.34 below threshold 0.65,0.0
2026-05-30T21:22:11.191516+00:00,KXBTCD-26MAY3018,KXBTCD-26MAY3018-T76799.99,"Bitcoin price on May 30, 2026?",2026-05-30 6:00 PM EDT,37.8,73873.53,76799.99,above,60m,0.005,0.995,0.1563,0.8437,0.1513,-0.1513,0.3373,NO TRADE,0.505,0.01,0.75,"Lognormal CDF: spot $73,874, strike $76,800, sigma_h=0.0023, P(above)=0.000. | Above contract: model YES = P(above strike) = 0.156. | Fusion weights: strike=40%, rule=20%, ML=30%, OB=10%. | Model YES probability is 15 percentage points above market YES price. | Liquidity is acceptable and spread is within threshold.",multiple prices in title; using first/strike match | confidence 0.34 below threshold 0.65,0.0
2026-05-30T21:22:11.191753+00:00,KXBTCD-26MAY3018,KXBTCD-26MAY3018-T76699.99,"Bitcoin price on May 30, 2026?",2026-05-30 6:00 PM EDT,37.8,73873.53,76699.99,above,60m,0.005,0.995,0.1563,0.8437,0.1513,-0.1513,0.3373,NO TRADE,0.505,0.01,0.75,"Lognormal CDF: spot $73,874, strike $76,700, sigma_h=0.0023, P(above)=0.000. | Above contract: model YES = P(above strike) = 0.156. | Fusion weights: strike=40%, rule=20%, ML=30%, OB=10%. | Model YES probability is 15 percentage points above market YES price. | Liquidity is acceptable and spread is within threshold.",multiple prices in title; using first/strike match | confidence 0.34 below threshold 0.65,0.0
2026-05-30T21:22:11.191984+00:00,KXBTCD-26MAY3018,KXBTCD-26MAY3018-T76599.99,"Bitcoin price on May 30, 2026?",2026-05-30 6:00 PM EDT,37.8,73873.53,76599.99,above,60m,0.005,0.995,0.1563,0.8437,0.1513,-0.1513,0.3373,NO TRADE,0.505,0.01,0.75,"Lognormal CDF: spot $73,874, strike $76,600, sigma_h=0.0023, P(above)=0.000. | Above contract: model YES = P(above strike) = 0.156. | Fusion weights: strike=40%, rule=20%, ML=30%, OB=10%. | Model YES probability is 15 percentage points above market YES price. | Liquidity is acceptable and spread is within threshold.",multiple prices in title; using first/strike match | confidence 0.34 below threshold 0.65,0.0
2026-05-30T21:22:11.192196+00:00,KXBTCD-26MAY3018,KXBTCD-26MAY3018-T76499.99,"Bitcoin price on May 30, 2026?",2026-05-30 6:00 PM EDT,37.8,73873.53,76499.99,above,60m,0.005,0.995,0.1563,0.8437,0.1513,-0.1513,0.3373,NO TRADE,0.505,0.01,0.75,"Lognormal CDF: spot $73,874, strike $76,500, sigma_h=0.0023, P(above)=0.000. | Above contract: model YES = P(above strike) = 0.156. | Fusion weights: strike=40%, rule=20%, ML=30%, OB=10%. | Model YES probability is 15 percentage points above market YES price. | Liquidity is acceptable and spread is within threshold.",multiple prices in title; using first/strike match | confidence 0.34 below threshold 0.65,0.0
2026-05-30T21:22:11.192406+00:00,KXBTCD-26MAY3018,KXBTCD-26MAY3018-T76399.99,"Bitcoin price on May 30, 2026?",2026-05-30 6:00 PM EDT,37.8,73873.53,76399.99,above,60m,0.005,0.995,0.1563,0.8437,0.1513,-0.1513,0.3373,NO TRADE,0.505,0.01,0.75,"Lognormal CDF: spot $73,874, strike $76,400, sigma_h=0.0023, P(above)=0.000. | Above contract: model YES = P(above strike) = 0.156. | Fusion weights: strike=40%, rule=20%, ML=30%, OB=10%. | Model YES probability is 15 percentage points above market YES price. | Liquidity is acceptable and spread is within threshold.",multiple prices in title; using first/strike match | confidence 0.34 below threshold 0.65,0.0
2026-05-30T21:22:11.192617+00:00,KXBTCD-26MAY3018,KXBTCD-26MAY3018-T76299.99,"Bitcoin price on May 30, 2026?",2026-05-30 6:00 PM EDT,37.8,73873.53,76299.99,above,60m,0.005,0.995,0.1563,0.8437,0.1513,-0.1513,0.3373,NO TRADE,0.505,0.01,0.75,"Lognormal CDF: spot $73,874, strike $76,300, sigma_h=0.0023, P(above)=0.000. | Above contract: model YES = P(above strike) = 0.156. | Fusion weights: strike=40%, rule=20%, ML=30%, OB=10%. | Model YES probability is 15 percentage points above market YES price. | Liquidity is acceptable and spread is within threshold.",multiple prices in title; using first/strike match | confidence 0.34 below threshold 0.65,0.0
2026-05-30T21:22:11.192838+00:00,KXBTCD-26MAY3018,KXBTCD-26MAY3018-T76199.99,"Bitcoin price on May 30, 2026?",2026-05-30 6:00 PM EDT,37.8,73873.53,76199.99,above,60m,0.005,0.995,0.1563,0.8437,0.1513,-0.1513,0.3373,NO TRADE,0.505,0.01,0.75,"Lognormal CDF: spot $73,874, strike $76,200, sigma_h=0.0023, P(above)=0.000. | Above contract: model YES = P(above strike) = 0.156. | Fusion weights: strike=40%, rule=20%, ML=30%, OB=10%. | Model YES probability is 15 percentage points above market YES price. | Liquidity is acceptable and spread is within threshold.",multiple prices in title; using first/strike match | confidence 0.34 below threshold 0.65,0.0
2026-05-30T21:22:11.193044+00:00,KXBTCD-26MAY3018,KXBTCD-26MAY3018-T76099.99,"Bitcoin price on May 30, 2026?",2026-05-30 6:00 PM EDT,37.8,73873.53,76099.99,above,60m,0.005,0.995,0.1563,0.8437,0.1513,-0.1513,0.3373,NO TRADE,0.505,0.01,0.75,"Lognormal CDF: spot $73,874, strike $76,100, sigma_h=0.0023, P(above)=0.000. | Above contract: model YES = P(above strike) = 0.156. | Fusion weights: strike=40%, rule=20%, ML=30%, OB=10%. | Model YES probability is 15 percentage points above market YES price. | Liquidity is acceptable and spread is within threshold.",multiple prices in title; using first/strike match | confidence 0.34 below threshold 0.65,0.0
2026-05-30T21:22:11.193244+00:00,KXBTCD-26MAY3018,KXBTCD-26MAY3018-T75999.99,"Bitcoin price on May 30, 2026?",2026-05-30 6:00 PM EDT,37.8,73873.53,75999.99,above,60m,0.005,0.995,0.1563,0.8437,0.1513,-0.1513,0.3373,NO TRADE,0.505,0.01,0.75,"Lognormal CDF: spot $73,874, strike $76,000, sigma_h=0.0023, P(above)=0.000. | Above contract: model YES = P(above strike) = 0.156. | Fusion weights: strike=40%, rule=20%, ML=30%, OB=10%. | Model YES probability is 15 percentage points above market YES price. | Liquidity is acceptable and spread is within threshold.",multiple prices in title; using first/strike match | confidence 0.34 below threshold 0.65,0.0
2026-05-30T21:22:11.193444+00:00,KXBTCD-26MAY3018,KXBTCD-26MAY3018-T75899.99,"Bitcoin price on May 30, 2026?",2026-05-30 6:00 PM EDT,37.8,73873.53,75899.99,above,60m,0.005,0.995,0.1563,0.8437,0.1513,-0.1513,0.3373,NO TRADE,0.505,0.01,0.75,"Lognormal CDF: spot $73,874, strike $75,900, sigma_h=0.0023, P(above)=0.000. | Above contract: model YES = P(above strike) = 0.156. | Fusion weights: strike=40%, rule=20%, ML=30%, OB=10%. | Model YES probability is 15 percentage points above market YES price. | Liquidity is acceptable and spread is within threshold.",multiple prices in title; using first/strike match | confidence 0.34 below threshold 0.65,0.0
2026-05-30T21:22:11.193642+00:00,KXBTCD-26MAY3018,KXBTCD-26MAY3018-T75799.99,"Bitcoin price on May 30, 2026?",2026-05-30 6:00 PM EDT,37.8,73873.53,75799.99,above,60m,0.005,0.995,0.1563,0.8437,0.1513,-0.1513,0.3373,NO TRADE,0.505,0.01,0.75,"Lognormal CDF: spot $73,874, strike $75,800, sigma_h=0.0023, P(above)=0.000. | Above contract: model YES = P(above strike) = 0.156. | Fusion weights: strike=40%, rule=20%, ML=30%, OB=10%. | Model YES probability is 15 percentage points above market YES price. | Liquidity is acceptable and spread is within threshold.",multiple prices in title; using first/strike match | confidence 0.34 below threshold 0.65,0.0
2026-05-30T21:22:11.193846+00:00,KXBTCD-26MAY3018,KXBTCD-26MAY3018-T75699.99,"Bitcoin price on May 30, 2026?",2026-05-30 6:00 PM EDT,37.8,73873.53,75699.99,above,60m,0.005,0.995,0.1563,0.8437,0.1513,-0.1513,0.3373,NO TRADE,0.505,0.01,0.75,"Lognormal CDF: spot $73,874, strike $75,700, sigma_h=0.0023, P(above)=0.000. | Above contract: model YES = P(above strike) = 0.156. | Fusion weights: strike=40%, rule=20%, ML=30%, OB=10%. | Model YES probability is 15 percentage points above market YES price. | Liquidity is acceptable and spread is within threshold.",multiple prices in title; using first/strike match | confidence 0.34 below threshold 0.65,0.0
2026-05-30T21:22:11.194044+00:00,KXBTCD-26MAY3018,KXBTCD-26MAY3018-T75599.99,"Bitcoin price on May 30, 2026?",2026-05-30 6:00 PM EDT,37.8,73873.53,75599.99,above,60m,0.005,0.995,0.1563,0.8437,0.1513,-0.1513,0.3373,NO TRADE,0.505,0.01,0.75,"Lognormal CDF: spot $73,874, strike $75,600, sigma_h=0.0023, P(above)=0.000. | Above contract: model YES = P(above strike) = 0.156. | Fusion weights: strike=40%, rule=20%, ML=30%, OB=10%. | Model YES probability is 15 percentage points above market YES price. | Liquidity is acceptable and spread is within threshold.",multiple prices in title; using first/strike match | confidence 0.34 below threshold 0.65,0.0
2026-05-30T21:22:11.194247+00:00,KXBTCD-26MAY3018,KXBTCD-26MAY3018-T75499.99,"Bitcoin price on May 30, 2026?",2026-05-30 6:00 PM EDT,37.8,73873.53,75499.99,above,60m,0.005,0.995,0.1563,0.8437,0.1513,-0.1513,0.3443,NO TRADE,0.7123,0.01,0.75,"Lognormal CDF: spot $73,874, strike $75,500, sigma_h=0.0023, P(above)=0.000. | Above contract: model YES = P(above strike) = 0.156. | Fusion weights: strike=40%, rule=20%, ML=30%, OB=10%. | Model YES probability is 15 percentage points above market YES price. | Liquidity is acceptable and spread is within threshold.",multiple prices in title; using first/strike match | confidence 0.34 below threshold 0.65,0.0
2026-05-30T21:22:11.194450+00:00,KXBTCD-26MAY3018,KXBTCD-26MAY3018-T75399.99,"Bitcoin price on May 30, 2026?",2026-05-30 6:00 PM EDT,37.8,73873.53,75399.99,above,60m,0.005,0.995,0.1563,0.8437,0.1513,-0.1513,0.3373,NO TRADE,0.505,0.01,0.75,"Lognormal CDF: spot $73,874, strike $75,400, sigma_h=0.0023, P(above)=0.000. | Above contract: model YES = P(above strike) = 0.156. | Fusion weights: strike=40%, rule=20%, ML=30%, OB=10%. | Model YES probability is 15 percentage points above market YES price. | Liquidity is acceptable and spread is within threshold.",multiple prices in title; using first/strike match | confidence 0.34 below threshold 0.65,0.0
2026-05-30T21:22:11.194654+00:00,KXBTCD-26MAY3018,KXBTCD-26MAY3018-T75299.99,"Bitcoin price on May 30, 2026?",2026-05-30 6:00 PM EDT,37.8,73873.53,75299.99,above,60m,0.005,0.995,0.1731,0.8269,0.1681,-0.1681,0.3373,NO TRADE,0.505,0.01,0.75,"Strike within 2% of spot; blended CDF (0.000) with directional (0.173). | Above contract: model YES = P(above strike) = 0.173. | Fusion weights: strike=40%, rule=20%, ML=30%, OB=10%. | Model YES probability is 17 percentage points above market YES price. | Liquidity is acceptable and spread is within threshold.",multiple prices in title; using first/strike match | confidence 0.34 below threshold 0.65,0.0
2026-05-30T21:22:11.194856+00:00,KXBTCD-26MAY3018,KXBTCD-26MAY3018-T75199.99,"Bitcoin price on May 30, 2026?",2026-05-30 6:00 PM EDT,37.8,73873.53,75199.99,above,60m,0.005,0.995,0.1731,0.8269,0.1681,-0.1681,0.3373,NO TRADE,0.505,0.01,0.75,"Strike within 2% of spot; blended CDF (0.000) with directional (0.173). | Above contract: model YES = P(above strike) = 0.173. | Fusion weights: strike=40%, rule=20%, ML=30%, OB=10%. | Model YES probability is 17 percentage points above market YES price. | Liquidity is acceptable and spread is within threshold.",multiple prices in title; using first/strike match | confidence 0.34 below threshold 0.65,0.0
2026-05-30T21:22:11.195057+00:00,KXBTCD-26MAY3018,KXBTCD-26MAY3018-T75099.99,"Bitcoin price on May 30, 2026?",2026-05-30 6:00 PM EDT,37.8,73873.53,75099.99,above,60m,0.005,0.995,0.1731,0.8269,0.1681,-0.1681,0.3373,NO TRADE,0.505,0.01,0.75,"Strike within 2% of spot; blended CDF (0.000) with directional (0.173). | Above contract: model YES = P(above strike) = 0.173. | Fusion weights: strike=40%, rule=20%, ML=30%, OB=10%. | Model YES probability is 17 percentage points above market YES price. | Liquidity is acceptable and spread is within threshold.",multiple prices in title; using first/strike match | confidence 0.34 below threshold 0.65,0.0
2026-05-30T21:22:11.195256+00:00,KXBTCD-26MAY3018,KXBTCD-26MAY3018-T74999.99,"Bitcoin price on May 30, 2026?",2026-05-30 6:00 PM EDT,37.8,73873.53,74999.99,above,60m,0.005,0.995,0.1731,0.8269,0.1681,-0.1681,0.3373,NO TRADE,0.505,0.01,0.75,"Strike within 2% of spot; blended CDF (0.000) with directional (0.173). | Above contract: model YES = P(above strike) = 0.173. | Fusion weights: strike=40%, rule=20%, ML=30%, OB=10%. | Model YES probability is 17 percentage points above market YES price. | Liquidity is acceptable and spread is within threshold.",multiple prices in title; using first/strike match | confidence 0.34 below threshold 0.65,0.0
2026-05-30T21:22:11.195454+00:00,KXBTCD-26MAY3018,KXBTCD-26MAY3018-T74899.99,"Bitcoin price on May 30, 2026?",2026-05-30 6:00 PM EDT,37.8,73873.53,74899.99,above,60m,0.005,0.995,0.1731,0.8269,0.1681,-0.1681,0.3373,NO TRADE,0.505,0.01,0.75,"Strike within 2% of spot; blended CDF (0.000) with directional (0.173). | Above contract: model YES = P(above strike) = 0.173. | Fusion weights: strike=40%, rule=20%, ML=30%, OB=10%. | Model YES probability is 17 percentage points above market YES price. | Liquidity is acceptable and spread is within threshold.",multiple prices in title; using first/strike match | confidence 0.34 below threshold 0.65,0.0
2026-05-30T21:22:11.195648+00:00,KXBTCD-26MAY3018,KXBTCD-26MAY3018-T74799.99,"Bitcoin price on May 30, 2026?",2026-05-30 6:00 PM EDT,37.8,73873.53,74799.99,above,60m,0.005,0.995,0.1731,0.8269,0.1681,-0.1681,0.3373,NO TRADE,0.505,0.01,0.75,"Strike within 2% of spot; blended CDF (0.000) with directional (0.173). | Above contract: model YES = P(above strike) = 0.173. | Fusion weights: strike=40%, rule=20%, ML=30%, OB=10%. | Model YES probability is 17 percentage points above market YES price. | Liquidity is acceptable and spread is within threshold.",multiple prices in title; using first/strike match | confidence 0.34 below threshold 0.65,0.0
2026-05-30T21:22:11.195824+00:00,KXBTCD-26MAY3018,KXBTCD-26MAY3018-T74699.99,"Bitcoin price on May 30, 2026?",2026-05-30 6:00 PM EDT,37.8,73873.53,74699.99,above,60m,0.005,0.995,0.1731,0.8269,0.1681,-0.1681,0.3373,NO TRADE,0.505,0.01,0.75,"Strike within 2% of spot; blended CDF (0.000) with directional (0.173). | Above contract: model YES = P(above strike) = 0.173. | Fusion weights: strike=40%, rule=20%, ML=30%, OB=10%. | Model YES probability is 17 percentage points above market YES price. | Liquidity is acceptable and spread is within threshold.",multiple prices in title; using first/strike match | confidence 0.34 below threshold 0.65,0.0
2026-05-30T21:22:11.196001+00:00,KXBTCD-26MAY3018,KXBTCD-26MAY3018-T74599.99,"Bitcoin price on May 30, 2026?",2026-05-30 6:00 PM EDT,37.8,73873.53,74599.99,above,60m,0.01,0.99,0.1732,0.8268,0.1632,-0.1632,0.3372,NO TRADE,0.46,0.02,0.75,"Strike within 2% of spot; blended CDF (0.000) with directional (0.173). | Above contract: model YES = P(above strike) = 0.173. | Fusion weights: strike=40%, rule=20%, ML=30%, OB=10%. | Model YES probability is 16 percentage points above market YES price.",multiple prices in title; using first/strike match | liquidity score 0.46 below min 0.50 | confidence 0.34 below threshold 0.65,0.0
2026-05-30T21:22:11.196183+00:00,KXBTCD-26MAY3018,KXBTCD-26MAY3018-T74499.99,"Bitcoin price on May 30, 2026?",2026-05-30 6:00 PM EDT,37.8,73873.53,74499.99,above,60m,0.01,0.99,0.1739,0.8261,0.1639,-0.1639,0.3372,NO TRADE,0.46,0.02,0.75,"Strike within 2% of spot; blended CDF (0.003) with directional (0.173). | Above contract: model YES = P(above strike) = 0.174. | Fusion weights: strike=40%, rule=20%, ML=30%, OB=10%. | Model YES probability is 16 percentage points above market YES price.",multiple prices in title; using first/strike match | liquidity score 0.46 below min 0.50 | confidence 0.34 below threshold 0.65,0.0
2026-05-30T21:22:11.196361+00:00,KXBTCD-26MAY3018,KXBTCD-26MAY3018-T74399.99,"Bitcoin price on May 30, 2026?",2026-05-30 6:00 PM EDT,37.8,73873.53,74399.99,above,60m,0.005,0.995,0.1775,0.8225,0.1725,-0.1725,0.3486,NO TRADE,0.84,0.01,0.75,"Strike within 2% of spot; blended CDF (0.016) with directional (0.173). | Above contract: model YES = P(above strike) = 0.177. | Fusion weights: strike=40%, rule=20%, ML=30%, OB=10%. | Model YES probability is 17 percentage points above market YES price. | Liquidity is acceptable and spread is within threshold.",multiple prices in title; using first/strike match | confidence 0.35 below threshold 0.65,0.0
2026-05-30T21:22:11.196537+00:00,KXBTCD-26MAY3018,KXBTCD-26MAY3018-T74299.99,"Bitcoin price on May 30, 2026?",2026-05-30 6:00 PM EDT,37.8,73873.53,74299.99,above,60m,0.005,0.995,0.1899,0.8101,0.1849,-0.1849,0.3481,NO TRADE,0.823,0.01,0.75,"Strike within 2% of spot; blended CDF (0.060) with directional (0.173). | Above contract: model YES = P(above strike) = 0.190. | Fusion weights: strike=40%, rule=20%, ML=30%, OB=10%. | Model YES probability is 18 percentage points above market YES price. | Liquidity is acceptable and spread is within threshold.",multiple prices in title; using first/strike match | confidence 0.35 below threshold 0.65,0.0
2026-05-30T21:22:11.196712+00:00,KXBTCD-26MAY3018,KXBTCD-26MAY3018-T74199.99,"Bitcoin price on May 30, 2026?",2026-05-30 6:00 PM EDT,37.8,73873.53,74199.99,above,60m,0.005,0.995,0.2205,0.7795,0.2155,-0.2155,0.3499,NO TRADE,0.8781,0.01,0.75,"Strike within 2% of spot; blended CDF (0.170) with directional (0.173). | Above contract: model YES = P(above strike) = 0.221. | Fusion weights: strike=40%, rule=20%, ML=30%, OB=10%. | Model YES probability is 22 percentage points above market YES price. | Liquidity is acceptable and spread is within threshold.",multiple prices in title; using first/strike match | confidence 0.35 below threshold 0.65,0.0
2026-05-30T21:22:11.196887+00:00,KXBTCD-26MAY3018,KXBTCD-26MAY3018-T74099.99,"Bitcoin price on May 30, 2026?",2026-05-30 6:00 PM EDT,37.8,73873.53,74099.99,above,60m,0.015,0.985,0.2739,0.7261,0.2589,-0.2589,0.3523,NO TRADE,0.9491,0.01,0.75,"Strike within 2% of spot; blended CDF (0.360) with directional (0.173). | Above contract: model YES = P(above strike) = 0.274. | Fusion weights: strike=40%, rule=20%, ML=30%, OB=10%. | Model YES probability is 26 percentage points above market YES price. | Liquidity is acceptable and spread is within threshold.",multiple prices in title; using first/strike match | confidence 0.35 below threshold 0.65,0.0
2026-05-30T21:22:11.197062+00:00,KXBTCD-26MAY3018,KXBTCD-26MAY3018-T73999.99,"Bitcoin price on May 30, 2026?",2026-05-30 6:00 PM EDT,37.8,73873.53,73999.99,above,60m,0.1,0.9,0.3398,0.6602,0.2398,-0.2398,0.351,NO TRADE,0.91,0.02,0.75,"Strike within 2% of spot; blended CDF (0.595) with directional (0.173). | Above contract: model YES = P(above strike) = 0.340. | Fusion weights: strike=40%, rule=20%, ML=30%, OB=10%. | Model YES probability is 24 percentage points above market YES price. | Liquidity is acceptable and spread is within threshold.",multiple prices in title; using first/strike match | confidence 0.35 below threshold 0.65,0.0
2026-05-30T21:22:11.197236+00:00,KXBTCD-26MAY3018,KXBTCD-26MAY3018-T73899.99,"Bitcoin price on May 30, 2026?",2026-05-30 6:00 PM EDT,37.8,73873.53,73899.99,above,60m,0.435,0.565,0.397,0.603,-0.038,0.038,0.3525,NO TRADE,0.955,0.01,0.75,"Strike within 2% of spot; blended CDF (0.800) with directional (0.173). | Above contract: model YES = P(above strike) = 0.397. | Fusion weights: strike=40%, rule=20%, ML=30%, OB=10%. | Model NO probability is 4 percentage points above market NO price. | Liquidity is acceptable and spread is within threshold.",multiple prices in title; using first/strike match | confidence 0.35 below threshold 0.65,0.0
2026-05-30T21:22:11.197412+00:00,KXBTCD-26MAY3018,KXBTCD-26MAY3018-T73799.99,"Bitcoin price on May 30, 2026?",2026-05-30 6:00 PM EDT,37.8,73873.53,73799.99,above,60m,0.855,0.145,0.4322,0.5678,-0.4228,0.4228,0.3525,NO TRADE,0.955,0.01,0.75,"Strike within 2% of spot; blended CDF (0.925) with directional (0.173). | Above contract: model YES = P(above strike) = 0.432. | Fusion weights: strike=40%, rule=20%, ML=30%, OB=10%. | Model NO probability is 42 percentage points above market NO price. | Liquidity is acceptable and spread is within threshold.",multiple prices in title; using first/strike match | confidence 0.35 below threshold 0.65,0.0
2026-05-30T21:22:11.197592+00:00,KXBTCD-26MAY3018,KXBTCD-26MAY3018-T73699.99,"Bitcoin price on May 30, 2026?",2026-05-30 6:00 PM EDT,37.8,73873.53,73699.99,above,60m,0.975,0.025,0.4473,0.5527,-0.5277,0.5277,0.3521,NO TRADE,0.944,0.01,0.75,"Strike within 2% of spot; blended CDF (0.979) with directional (0.173). | Above contract: model YES = P(above strike) = 0.447. | Fusion weights: strike=40%, rule=20%, ML=30%, OB=10%. | Model NO probability is 53 percentage points above market NO price. | Liquidity is acceptable and spread is within threshold.",multiple prices in title; using first/strike match | confidence 0.35 below threshold 0.65,0.0
2026-05-30T21:22:11.197774+00:00,KXBTCD-26MAY3018,KXBTCD-26MAY3018-T73599.99,"Bitcoin price on May 30, 2026?",2026-05-30 6:00 PM EDT,37.8,73873.53,73599.99,above,60m,0.995,0.005,0.4519,0.5481,-0.5431,0.5431,0.352,NO TRADE,0.9401,0.01,0.75,"Strike within 2% of spot; blended CDF (0.996) with directional (0.173). | Above contract: model YES = P(above strike) = 0.452. | Fusion weights: strike=40%, rule=20%, ML=30%, OB=10%. | Model NO probability is 54 percentage points above market NO price. | Liquidity is acceptable and spread is within threshold.",multiple prices in title; using first/strike match | confidence 0.35 below threshold 0.65,0.0
2026-05-30T21:22:11.197951+00:00,KXBTCD-26MAY3018,KXBTCD-26MAY3018-T73499.99,"Bitcoin price on May 30, 2026?",2026-05-30 6:00 PM EDT,37.8,73873.53,73499.99,above,60m,0.995,0.005,0.4529,0.5471,-0.5421,0.5421,0.3473,NO TRADE,0.8015,0.01,0.75,"Strike within 2% of spot; blended CDF (0.999) with directional (0.173). | Above contract: model YES = P(above strike) = 0.453. | Fusion weights: strike=40%, rule=20%, ML=30%, OB=10%. | Model NO probability is 54 percentage points above market NO price. | Liquidity is acceptable and spread is within threshold.",multiple prices in title; using first/strike match | confidence 0.35 below threshold 0.65,0.0
2026-05-30T21:22:11.198129+00:00,KXBTCD-26MAY3018,KXBTCD-26MAY3018-T73399.99,"Bitcoin price on May 30, 2026?",2026-05-30 6:00 PM EDT,37.8,73873.53,73399.99,above,60m,0.995,0.005,0.453,0.547,-0.542,0.542,0.3492,NO TRADE,0.8554,0.01,0.75,"Strike within 2% of spot; blended CDF (1.000) with directional (0.173). | Above contract: model YES = P(above strike) = 0.453. | Fusion weights: strike=40%, rule=20%, ML=30%, OB=10%. | Model NO probability is 54 percentage points above market NO price. | Liquidity is acceptable and spread is within threshold.",multiple prices in title; using first/strike match | confidence 0.35 below threshold 0.65,0.0
2026-05-30T21:22:11.198302+00:00,KXBTCD-26MAY3018,KXBTCD-26MAY3018-T73299.99,"Bitcoin price on May 30, 2026?",2026-05-30 6:00 PM EDT,37.8,73873.53,73299.99,above,60m,0.995,0.005,0.4531,0.5469,-0.5419,0.5419,0.3373,NO TRADE,0.505,0.01,0.75,"Strike within 2% of spot; blended CDF (1.000) with directional (0.173). | Above contract: model YES = P(above strike) = 0.453. | Fusion weights: strike=40%, rule=20%, ML=30%, OB=10%. | Model NO probability is 54 percentage points above market NO price. | Liquidity is acceptable and spread is within threshold.",multiple prices in title; using first/strike match | confidence 0.34 below threshold 0.65,0.0
2026-05-30T21:22:11.198480+00:00,KXBTCD-26MAY3018,KXBTCD-26MAY3018-T73199.99,"Bitcoin price on May 30, 2026?",2026-05-30 6:00 PM EDT,37.8,73873.53,73199.99,above,60m,0.995,0.005,0.4531,0.5469,-0.5419,0.5419,0.3492,NO TRADE,0.8553,0.01,0.75,"Strike within 2% of spot; blended CDF (1.000) with directional (0.173). | Above contract: model YES = P(above strike) = 0.453. | Fusion weights: strike=40%, rule=20%, ML=30%, OB=10%. | Model NO probability is 54 percentage points above market NO price. | Liquidity is acceptable and spread is within threshold.",multiple prices in title; using first/strike match | confidence 0.35 below threshold 0.65,0.0
2026-05-30T21:22:11.198654+00:00,KXBTCD-26MAY3018,KXBTCD-26MAY3018-T73099.99,"Bitcoin price on May 30, 2026?",2026-05-30 6:00 PM EDT,37.8,73873.53,73099.99,above,60m,0.995,0.005,0.4531,0.5469,-0.5419,0.5419,0.3373,NO TRADE,0.505,0.01,0.75,"Strike within 2% of spot; blended CDF (1.000) with directional (0.173). | Above contract: model YES = P(above strike) = 0.453. | Fusion weights: strike=40%, rule=20%, ML=30%, OB=10%. | Model NO probability is 54 percentage points above market NO price. | Liquidity is acceptable and spread is within threshold.",multiple prices in title; using first/strike match | confidence 0.34 below threshold 0.65,0.0
2026-05-30T21:22:11.198833+00:00,KXBTCD-26MAY3018,KXBTCD-26MAY3018-T72999.99,"Bitcoin price on May 30, 2026?",2026-05-30 6:00 PM EDT,37.8,73873.53,72999.99,above,60m,0.995,0.005,0.4531,0.5469,-0.5419,0.5419,0.3373,NO TRADE,0.505,0.01,0.75,"Strike within 2% of spot; blended CDF (1.000) with directional (0.173). | Above contract: model YES = P(above strike) = 0.453. | Fusion weights: strike=40%, rule=20%, ML=30%, OB=10%. | Model NO probability is 54 percentage points above market NO price. | Liquidity is acceptable and spread is within threshold.",multiple prices in title; using first/strike match | confidence 0.34 below threshold 0.65,0.0
2026-05-30T21:22:11.199009+00:00,KXBTCD-26MAY3018,KXBTCD-26MAY3018-T72899.99,"Bitcoin price on May 30, 2026?",2026-05-30 6:00 PM EDT,37.8,73873.53,72899.99,above,60m,0.995,0.005,0.4531,0.5469,-0.5419,0.5419,0.3373,NO TRADE,0.505,0.01,0.75,"Strike within 2% of spot; blended CDF (1.000) with directional (0.173). | Above contract: model YES = P(above strike) = 0.453. | Fusion weights: strike=40%, rule=20%, ML=30%, OB=10%. | Model NO probability is 54 percentage points above market NO price. | Liquidity is acceptable and spread is within threshold.",multiple prices in title; using first/strike match | confidence 0.34 below threshold 0.65,0.0
2026-05-30T21:22:11.199221+00:00,KXBTCD-26MAY3018,KXBTCD-26MAY3018-T72799.99,"Bitcoin price on May 30, 2026?",2026-05-30 6:00 PM EDT,37.8,73873.53,72799.99,above,60m,0.995,0.005,0.4531,0.5469,-0.5419,0.5419,0.3373,NO TRADE,0.505,0.01,0.75,"Strike within 2% of spot; blended CDF (1.000) with directional (0.173). | Above contract: model YES = P(above strike) = 0.453. | Fusion weights: strike=40%, rule=20%, ML=30%, OB=10%. | Model NO probability is 54 percentage points above market NO price. | Liquidity is acceptable and spread is within threshold.",multiple prices in title; using first/strike match | confidence 0.34 below threshold 0.65,0.0
2026-05-30T21:22:11.199652+00:00,KXBTCD-26MAY3018,KXBTCD-26MAY3018-T72699.99,"Bitcoin price on May 30, 2026?",2026-05-30 6:00 PM EDT,37.8,73873.53,72699.99,above,60m,0.995,0.005,0.4531,0.5469,-0.5419,0.5419,0.3373,NO TRADE,0.505,0.01,0.75,"Strike within 2% of spot; blended CDF (1.000) with directional (0.173). | Above contract: model YES = P(above strike) = 0.453. | Fusion weights: strike=40%, rule=20%, ML=30%, OB=10%. | Model NO probability is 54 percentage points above market NO price. | Liquidity is acceptable and spread is within threshold.",multiple prices in title; using first/strike match | confidence 0.34 below threshold 0.65,0.0
2026-05-30T21:22:11.199886+00:00,KXBTCD-26MAY3018,KXBTCD-26MAY3018-T72599.99,"Bitcoin price on May 30, 2026?",2026-05-30 6:00 PM EDT,37.8,73873.53,72599.99,above,60m,0.995,0.005,0.4531,0.5469,-0.5419,0.5419,0.3373,NO TRADE,0.505,0.01,0.75,"Strike within 2% of spot; blended CDF (1.000) with directional (0.173). | Above contract: model YES = P(above strike) = 0.453. | Fusion weights: strike=40%, rule=20%, ML=30%, OB=10%. | Model NO probability is 54 percentage points above market NO price. | Liquidity is acceptable and spread is within threshold.",multiple prices in title; using first/strike match | confidence 0.34 below threshold 0.65,0.0
2026-05-30T21:22:11.200099+00:00,KXBTCD-26MAY3018,KXBTCD-26MAY3018-T72499.99,"Bitcoin price on May 30, 2026?",2026-05-30 6:00 PM EDT,37.8,73873.53,72499.99,above,60m,0.995,0.005,0.4531,0.5469,-0.5419,0.5419,0.3373,NO TRADE,0.505,0.01,0.75,"Strike within 2% of spot; blended CDF (1.000) with directional (0.173). | Above contract: model YES = P(above strike) = 0.453. | Fusion weights: strike=40%, rule=20%, ML=30%, OB=10%. | Model NO probability is 54 percentage points above market NO price. | Liquidity is acceptable and spread is within threshold.",multiple prices in title; using first/strike match | confidence 0.34 below threshold 0.65,0.0
2026-05-30T21:22:11.200293+00:00,KXBTCD-26MAY3018,KXBTCD-26MAY3018-T72399.99,"Bitcoin price on May 30, 2026?",2026-05-30 6:00 PM EDT,37.8,73873.53,72399.99,above,60m,0.995,0.005,0.4531,0.5469,-0.5419,0.5419,0.3373,NO TRADE,0.505,0.01,0.75,"Strike within 2% of spot; blended CDF (1.000) with directional (0.173). | Above contract: model YES = P(above strike) = 0.453. | Fusion weights: strike=40%, rule=20%, ML=30%, OB=10%. | Model NO probability is 54 percentage points above market NO price. | Liquidity is acceptable and spread is within threshold.",multiple prices in title; using first/strike match | confidence 0.34 below threshold 0.65,0.0
2026-05-30T21:22:11.200482+00:00,KXBTCD-26MAY3018,KXBTCD-26MAY3018-T72299.99,"Bitcoin price on May 30, 2026?",2026-05-30 6:00 PM EDT,37.8,73873.53,72299.99,above,60m,0.995,0.005,0.5483,0.4517,-0.4467,0.4467,0.3373,NO TRADE,0.505,0.01,0.75,"Lognormal CDF: spot $73,874, strike $72,300, sigma_h=0.0023, P(above)=1.000. | Above contract: model YES = P(above strike) = 0.548. | Fusion weights: strike=40%, rule=20%, ML=30%, OB=10%. | Model NO probability is 45 percentage points above market NO price. | Liquidity is acceptable and spread is within threshold.",multiple prices in title; using first/strike match | confidence 0.34 below threshold 0.65,0.0
2026-05-30T21:22:11.200668+00:00,KXBTCD-26MAY3018,KXBTCD-26MAY3018-T72199.99,"Bitcoin price on May 30, 2026?",2026-05-30 6:00 PM EDT,37.8,73873.53,72199.99,above,60m,0.995,0.005,0.5483,0.4517,-0.4467,0.4467,0.3373,NO TRADE,0.505,0.01,0.75,"Lognormal CDF: spot $73,874, strike $72,200, sigma_h=0.0023, P(above)=1.000. | Above contract: model YES = P(above strike) = 0.548. | Fusion weights: strike=40%, rule=20%, ML=30%, OB=10%. | Model NO probability is 45 percentage points above market NO price. | Liquidity is acceptable and spread is within threshold.",multiple prices in title; using first/strike match | confidence 0.34 below threshold 0.65,0.0
2026-05-30T21:22:11.200857+00:00,KXBTCD-26MAY3018,KXBTCD-26MAY3018-T72099.99,"Bitcoin price on May 30, 2026?",2026-05-30 6:00 PM EDT,37.8,73873.53,72099.99,above,60m,0.995,0.005,0.5483,0.4517,-0.4467,0.4467,0.3373,NO TRADE,0.505,0.01,0.75,"Lognormal CDF: spot $73,874, strike $72,100, sigma_h=0.0023, P(above)=1.000. | Above contract: model YES = P(above strike) = 0.548. | Fusion weights: strike=40%, rule=20%, ML=30%, OB=10%. | Model NO probability is 45 percentage points above market NO price. | Liquidity is acceptable and spread is within threshold.",multiple prices in title; using first/strike match | confidence 0.34 below threshold 0.65,0.0
2026-05-30T21:22:11.201039+00:00,KXBTCD-26MAY3018,KXBTCD-26MAY3018-T71999.99,"Bitcoin price on May 30, 2026?",2026-05-30 6:00 PM EDT,37.8,73873.53,71999.99,above,60m,0.995,0.005,0.5483,0.4517,-0.4467,0.4467,0.3373,NO TRADE,0.505,0.01,0.75,"Lognormal CDF: spot $73,874, strike $72,000, sigma_h=0.0023, P(above)=1.000. | Above contract: model YES = P(above strike) = 0.548. | Fusion weights: strike=40%, rule=20%, ML=30%, OB=10%. | Model NO probability is 45 percentage points above market NO price. | Liquidity is acceptable and spread is within threshold.",multiple prices in title; using first/strike match | confidence 0.34 below threshold 0.65,0.0
2026-05-30T21:22:11.201234+00:00,KXBTCD-26MAY3018,KXBTCD-26MAY3018-T71899.99,"Bitcoin price on May 30, 2026?",2026-05-30 6:00 PM EDT,37.8,73873.53,71899.99,above,60m,0.995,0.005,0.5483,0.4517,-0.4467,0.4467,0.3373,NO TRADE,0.505,0.01,0.75,"Lognormal CDF: spot $73,874, strike $71,900, sigma_h=0.0023, P(above)=1.000. | Above contract: model YES = P(above strike) = 0.548. | Fusion weights: strike=40%, rule=20%, ML=30%, OB=10%. | Model NO probability is 45 percentage points above market NO price. | Liquidity is acceptable and spread is within threshold.",multiple prices in title; using first/strike match | confidence 0.34 below threshold 0.65,0.0
2026-05-30T21:22:11.201417+00:00,KXBTCD-26MAY3018,KXBTCD-26MAY3018-T71799.99,"Bitcoin price on May 30, 2026?",2026-05-30 6:00 PM EDT,37.8,73873.53,71799.99,above,60m,0.995,0.005,0.5483,0.4517,-0.4467,0.4467,0.3373,NO TRADE,0.505,0.01,0.75,"Lognormal CDF: spot $73,874, strike $71,800, sigma_h=0.0023, P(above)=1.000. | Above contract: model YES = P(above strike) = 0.548. | Fusion weights: strike=40%, rule=20%, ML=30%, OB=10%. | Model NO probability is 45 percentage points above market NO price. | Liquidity is acceptable and spread is within threshold.",multiple prices in title; using first/strike match | confidence 0.34 below threshold 0.65,0.0
2026-05-30T21:22:11.201601+00:00,KXBTCD-26MAY3018,KXBTCD-26MAY3018-T71699.99,"Bitcoin price on May 30, 2026?",2026-05-30 6:00 PM EDT,37.8,73873.53,71699.99,above,60m,0.995,0.005,0.5483,0.4517,-0.4467,0.4467,0.3373,NO TRADE,0.505,0.01,0.75,"Lognormal CDF: spot $73,874, strike $71,700, sigma_h=0.0023, P(above)=1.000. | Above contract: model YES = P(above strike) = 0.548. | Fusion weights: strike=40%, rule=20%, ML=30%, OB=10%. | Model NO probability is 45 percentage points above market NO price. | Liquidity is acceptable and spread is within threshold.",multiple prices in title; using first/strike match | confidence 0.34 below threshold 0.65,0.0
2026-05-30T21:22:11.201783+00:00,KXBTCD-26MAY3018,KXBTCD-26MAY3018-T71599.99,"Bitcoin price on May 30, 2026?",2026-05-30 6:00 PM EDT,37.8,73873.53,71599.99,above,60m,0.995,0.005,0.5483,0.4517,-0.4467,0.4467,0.3373,NO TRADE,0.505,0.01,0.75,"Lognormal CDF: spot $73,874, strike $71,600, sigma_h=0.0023, P(above)=1.000. | Above contract: model YES = P(above strike) = 0.548. | Fusion weights: strike=40%, rule=20%, ML=30%, OB=10%. | Model NO probability is 45 percentage points above market NO price. | Liquidity is acceptable and spread is within threshold.",multiple prices in title; using first/strike match | confidence 0.34 below threshold 0.65,0.0
2026-05-30T21:22:11.201962+00:00,KXBTCD-26MAY3018,KXBTCD-26MAY3018-T71499.99,"Bitcoin price on May 30, 2026?",2026-05-30 6:00 PM EDT,37.8,73873.53,71499.99,above,60m,0.995,0.005,0.5483,0.4517,-0.4467,0.4467,0.3373,NO TRADE,0.505,0.01,0.75,"Lognormal CDF: spot $73,874, strike $71,500, sigma_h=0.0023, P(above)=1.000. | Above contract: model YES = P(above strike) = 0.548. | Fusion weights: strike=40%, rule=20%, ML=30%, OB=10%. | Model NO probability is 45 percentage points above market NO price. | Liquidity is acceptable and spread is within threshold.",multiple prices in title; using first/strike match | confidence 0.34 below threshold 0.65,0.0
2026-05-30T21:22:11.202139+00:00,KXBTCD-26MAY3018,KXBTCD-26MAY3018-T71399.99,"Bitcoin price on May 30, 2026?",2026-05-30 6:00 PM EDT,37.8,73873.53,71399.99,above,60m,0.995,0.005,0.5483,0.4517,-0.4467,0.4467,0.3373,NO TRADE,0.505,0.01,0.75,"Lognormal CDF: spot $73,874, strike $71,400, sigma_h=0.0023, P(above)=1.000. | Above contract: model YES = P(above strike) = 0.548. | Fusion weights: strike=40%, rule=20%, ML=30%, OB=10%. | Model NO probability is 45 percentage points above market NO price. | Liquidity is acceptable and spread is within threshold.",multiple prices in title; using first/strike match | confidence 0.34 below threshold 0.65,0.0
2026-05-30T21:22:11.202329+00:00,KXBTCD-26MAY3018,KXBTCD-26MAY3018-T71299.99,"Bitcoin price on May 30, 2026?",2026-05-30 6:00 PM EDT,37.8,73873.53,71299.99,above,60m,0.995,0.005,0.5483,0.4517,-0.4467,0.4467,0.3373,NO TRADE,0.505,0.01,0.75,"Lognormal CDF: spot $73,874, strike $71,300, sigma_h=0.0023, P(above)=1.000. | Above contract: model YES = P(above strike) = 0.548. | Fusion weights: strike=40%, rule=20%, ML=30%, OB=10%. | Model NO probability is 45 percentage points above market NO price. | Liquidity is acceptable and spread is within threshold.",multiple prices in title; using first/strike match | confidence 0.34 below threshold 0.65,0.0
2026-05-30T21:22:11.202508+00:00,KXBTCD-26MAY3018,KXBTCD-26MAY3018-T71199.99,"Bitcoin price on May 30, 2026?",2026-05-30 6:00 PM EDT,37.8,73873.53,71199.99,above,60m,0.995,0.005,0.5483,0.4517,-0.4467,0.4467,0.3373,NO TRADE,0.505,0.01,0.75,"Lognormal CDF: spot $73,874, strike $71,200, sigma_h=0.0023, P(above)=1.000. | Above contract: model YES = P(above strike) = 0.548. | Fusion weights: strike=40%, rule=20%, ML=30%, OB=10%. | Model NO probability is 45 percentage points above market NO price. | Liquidity is acceptable and spread is within threshold.",multiple prices in title; using first/strike match | confidence 0.34 below threshold 0.65,0.0
2026-05-30T21:22:11.202684+00:00,KXBTCD-26MAY3018,KXBTCD-26MAY3018-T71099.99,"Bitcoin price on May 30, 2026?",2026-05-30 6:00 PM EDT,37.8,73873.53,71099.99,above,60m,0.995,0.005,0.5483,0.4517,-0.4467,0.4467,0.3373,NO TRADE,0.505,0.01,0.75,"Lognormal CDF: spot $73,874, strike $71,100, sigma_h=0.0023, P(above)=1.000. | Above contract: model YES = P(above strike) = 0.548. | Fusion weights: strike=40%, rule=20%, ML=30%, OB=10%. | Model NO probability is 45 percentage points above market NO price. | Liquidity is acceptable and spread is within threshold.",multiple prices in title; using first/strike match | confidence 0.34 below threshold 0.65,0.0
2026-05-30T21:22:11.202864+00:00,KXBTCD-26MAY3018,KXBTCD-26MAY3018-T70999.99,"Bitcoin price on May 30, 2026?",2026-05-30 6:00 PM EDT,37.8,73873.53,70999.99,above,60m,0.995,0.005,0.5483,0.4517,-0.4467,0.4467,0.3373,NO TRADE,0.505,0.01,0.75,"Lognormal CDF: spot $73,874, strike $71,000, sigma_h=0.0023, P(above)=1.000. | Above contract: model YES = P(above strike) = 0.548. | Fusion weights: strike=40%, rule=20%, ML=30%, OB=10%. | Model NO probability is 45 percentage points above market NO price. | Liquidity is acceptable and spread is within threshold.",multiple prices in title; using first/strike match | confidence 0.34 below threshold 0.65,0.0
2026-05-30T21:22:11.203044+00:00,KXBTCD-26MAY3018,KXBTCD-26MAY3018-T70899.99,"Bitcoin price on May 30, 2026?",2026-05-30 6:00 PM EDT,37.8,73873.53,70899.99,above,60m,0.995,0.005,0.5483,0.4517,-0.4467,0.4467,0.3373,NO TRADE,0.505,0.01,0.75,"Lognormal CDF: spot $73,874, strike $70,900, sigma_h=0.0023, P(above)=1.000. | Above contract: model YES = P(above strike) = 0.548. | Fusion weights: strike=40%, rule=20%, ML=30%, OB=10%. | Model NO probability is 45 percentage points above market NO price. | Liquidity is acceptable and spread is within threshold.",multiple prices in title; using first/strike match | confidence 0.34 below threshold 0.65,0.0
2026-05-30T21:22:11.203242+00:00,KXBTCD-26MAY3018,KXBTCD-26MAY3018-T70799.99,"Bitcoin price on May 30, 2026?",2026-05-30 6:00 PM EDT,37.8,73873.53,70799.99,above,60m,0.995,0.005,0.5483,0.4517,-0.4467,0.4467,0.3373,NO TRADE,0.505,0.01,0.75,"Lognormal CDF: spot $73,874, strike $70,800, sigma_h=0.0023, P(above)=1.000. | Above contract: model YES = P(above strike) = 0.548. | Fusion weights: strike=40%, rule=20%, ML=30%, OB=10%. | Model NO probability is 45 percentage points above market NO price. | Liquidity is acceptable and spread is within threshold.",multiple prices in title; using first/strike match | confidence 0.34 below threshold 0.65,0.0
2026-05-30T21:22:11.203424+00:00,KXBTCD-26MAY3018,KXBTCD-26MAY3018-T70699.99,"Bitcoin price on May 30, 2026?",2026-05-30 6:00 PM EDT,37.8,73873.53,70699.99,above,60m,0.995,0.005,0.5483,0.4517,-0.4467,0.4467,0.3373,NO TRADE,0.505,0.01,0.75,"Lognormal CDF: spot $73,874, strike $70,700, sigma_h=0.0023, P(above)=1.000. | Above contract: model YES = P(above strike) = 0.548. | Fusion weights: strike=40%, rule=20%, ML=30%, OB=10%. | Model NO probability is 45 percentage points above market NO price. | Liquidity is acceptable and spread is within threshold.",multiple prices in title; using first/strike match | confidence 0.34 below threshold 0.65,0.0
2026-05-30T21:22:11.203590+00:00,KXBTCD-26MAY3018,KXBTCD-26MAY3018-T70599.99,"Bitcoin price on May 30, 2026?",2026-05-30 6:00 PM EDT,37.8,73873.53,70599.99,above,60m,0.995,0.005,0.5483,0.4517,-0.4467,0.4467,0.3373,NO TRADE,0.505,0.01,0.75,"Lognormal CDF: spot $73,874, strike $70,600, sigma_h=0.0023, P(above)=1.000. | Above contract: model YES = P(above strike) = 0.548. | Fusion weights: strike=40%, rule=20%, ML=30%, OB=10%. | Model NO probability is 45 percentage points above market NO price. | Liquidity is acceptable and spread is within threshold.",multiple prices in title; using first/strike match | confidence 0.34 below threshold 0.65,0.0
2026-05-30T21:22:11.203767+00:00,KXBTCD-26MAY3018,KXBTCD-26MAY3018-T70499.99,"Bitcoin price on May 30, 2026?",2026-05-30 6:00 PM EDT,37.8,73873.53,70499.99,above,60m,0.995,0.005,0.5483,0.4517,-0.4467,0.4467,0.3373,NO TRADE,0.505,0.01,0.75,"Lognormal CDF: spot $73,874, strike $70,500, sigma_h=0.0023, P(above)=1.000. | Above contract: model YES = P(above strike) = 0.548. | Fusion weights: strike=40%, rule=20%, ML=30%, OB=10%. | Model NO probability is 45 percentage points above market NO price. | Liquidity is acceptable and spread is within threshold.",multiple prices in title; using first/strike match | confidence 0.34 below threshold 0.65,0.0
2026-05-30T21:22:11.203928+00:00,KXBTCD-26MAY3018,KXBTCD-26MAY3018-T70399.99,"Bitcoin price on May 30, 2026?",2026-05-30 6:00 PM EDT,37.8,73873.53,70399.99,above,60m,0.995,0.005,0.5483,0.4517,-0.4467,0.4467,0.3373,NO TRADE,0.505,0.01,0.75,"Lognormal CDF: spot $73,874, strike $70,400, sigma_h=0.0023, P(above)=1.000. | Above contract: model YES = P(above strike) = 0.548. | Fusion weights: strike=40%, rule=20%, ML=30%, OB=10%. | Model NO probability is 45 percentage points above market NO price. | Liquidity is acceptable and spread is within threshold.",multiple prices in title; using first/strike match | confidence 0.34 below threshold 0.65,0.0
2026-05-30T21:22:11.204091+00:00,KXBTCD-26MAY3018,KXBTCD-26MAY3018-T70299.99,"Bitcoin price on May 30, 2026?",2026-05-30 6:00 PM EDT,37.8,73873.53,70299.99,above,60m,0.995,0.005,0.5483,0.4517,-0.4467,0.4467,0.3373,NO TRADE,0.505,0.01,0.75,"Lognormal CDF: spot $73,874, strike $70,300, sigma_h=0.0023, P(above)=1.000. | Above contract: model YES = P(above strike) = 0.548. | Fusion weights: strike=40%, rule=20%, ML=30%, OB=10%. | Model NO probability is 45 percentage points above market NO price. | Liquidity is acceptable and spread is within threshold.",multiple prices in title; using first/strike match | confidence 0.34 below threshold 0.65,0.0
2026-05-30T21:22:11.204263+00:00,KXBTCD-26MAY3018,KXBTCD-26MAY3018-T70199.99,"Bitcoin price on May 30, 2026?",2026-05-30 6:00 PM EDT,37.8,73873.53,70199.99,above,60m,0.995,0.005,0.5483,0.4517,-0.4467,0.4467,0.3373,NO TRADE,0.505,0.01,0.75,"Lognormal CDF: spot $73,874, strike $70,200, sigma_h=0.0023, P(above)=1.000. | Above contract: model YES = P(above strike) = 0.548. | Fusion weights: strike=40%, rule=20%, ML=30%, OB=10%. | Model NO probability is 45 percentage points above market NO price. | Liquidity is acceptable and spread is within threshold.",multiple prices in title; using first/strike match | confidence 0.34 below threshold 0.65,0.0
2026-05-30T21:22:11.204432+00:00,KXBTCD-26MAY3018,KXBTCD-26MAY3018-T70099.99,"Bitcoin price on May 30, 2026?",2026-05-30 6:00 PM EDT,37.8,73873.53,70099.99,above,60m,0.995,0.005,0.5483,0.4517,-0.4467,0.4467,0.3373,NO TRADE,0.505,0.01,0.75,"Lognormal CDF: spot $73,874, strike $70,100, sigma_h=0.0023, P(above)=1.000. | Above contract: model YES = P(above strike) = 0.548. | Fusion weights: strike=40%, rule=20%, ML=30%, OB=10%. | Model NO probability is 45 percentage points above market NO price. | Liquidity is acceptable and spread is within threshold.",multiple prices in title; using first/strike match | confidence 0.34 below threshold 0.65,0.0
2026-05-30T21:22:11.204600+00:00,KXBTCD-26MAY3018,KXBTCD-26MAY3018-T69999.99,"Bitcoin price on May 30, 2026?",2026-05-30 6:00 PM EDT,37.8,73873.53,69999.99,above,60m,0.995,0.005,0.5483,0.4517,-0.4467,0.4467,0.3373,NO TRADE,0.505,0.01,0.75,"Lognormal CDF: spot $73,874, strike $70,000, sigma_h=0.0023, P(above)=1.000. | Above contract: model YES = P(above strike) = 0.548. | Fusion weights: strike=40%, rule=20%, ML=30%, OB=10%. | Model NO probability is 45 percentage points above market NO price. | Liquidity is acceptable and spread is within threshold.",multiple prices in title; using first/strike match | confidence 0.34 below threshold 0.65,0.0
2026-05-30T21:22:11.204780+00:00,KXBTCD-26MAY3018,KXBTCD-26MAY3018-T69899.99,"Bitcoin price on May 30, 2026?",2026-05-30 6:00 PM EDT,37.8,73873.53,69899.99,above,60m,0.995,0.005,0.5483,0.4517,-0.4467,0.4467,0.3373,NO TRADE,0.505,0.01,0.75,"Lognormal CDF: spot $73,874, strike $69,900, sigma_h=0.0023, P(above)=1.000. | Above contract: model YES = P(above strike) = 0.548. | Fusion weights: strike=40%, rule=20%, ML=30%, OB=10%. | Model NO probability is 45 percentage points above market NO price. | Liquidity is acceptable and spread is within threshold.",multiple prices in title; using first/strike match | confidence 0.34 below threshold 0.65,0.0
2026-05-30T21:22:11.204943+00:00,KXBTCD-26MAY3018,KXBTCD-26MAY3018-T69799.99,"Bitcoin price on May 30, 2026?",2026-05-30 6:00 PM EDT,37.8,73873.53,69799.99,above,60m,0.995,0.005,0.5483,0.4517,-0.4467,0.4467,0.3373,NO TRADE,0.505,0.01,0.75,"Lognormal CDF: spot $73,874, strike $69,800, sigma_h=0.0023, P(above)=1.000. | Above contract: model YES = P(above strike) = 0.548. | Fusion weights: strike=40%, rule=20%, ML=30%, OB=10%. | Model NO probability is 45 percentage points above market NO price. | Liquidity is acceptable and spread is within threshold.",multiple prices in title; using first/strike match | confidence 0.34 below threshold 0.65,0.0
2026-05-30T21:22:11.205106+00:00,KXBTCD-26MAY3018,KXBTCD-26MAY3018-T69699.99,"Bitcoin price on May 30, 2026?",2026-05-30 6:00 PM EDT,37.8,73873.53,69699.99,above,60m,0.995,0.005,0.5483,0.4517,-0.4467,0.4467,0.3373,NO TRADE,0.505,0.01,0.75,"Lognormal CDF: spot $73,874, strike $69,700, sigma_h=0.0023, P(above)=1.000. | Above contract: model YES = P(above strike) = 0.548. | Fusion weights: strike=40%, rule=20%, ML=30%, OB=10%. | Model NO probability is 45 percentage points above market NO price. | Liquidity is acceptable and spread is within threshold.",multiple prices in title; using first/strike match | confidence 0.34 below threshold 0.65,0.0
2026-05-30T21:22:11.205269+00:00,KXBTCD-26MAY3018,KXBTCD-26MAY3018-T69599.99,"Bitcoin price on May 30, 2026?",2026-05-30 6:00 PM EDT,37.8,73873.53,69599.99,above,60m,0.995,0.005,0.5483,0.4517,-0.4467,0.4467,0.3373,NO TRADE,0.505,0.01,0.75,"Lognormal CDF: spot $73,874, strike $69,600, sigma_h=0.0023, P(above)=1.000. | Above contract: model YES = P(above strike) = 0.548. | Fusion weights: strike=40%, rule=20%, ML=30%, OB=10%. | Model NO probability is 45 percentage points above market NO price. | Liquidity is acceptable and spread is within threshold.",multiple prices in title; using first/strike match | confidence 0.34 below threshold 0.65,0.0
2026-05-30T21:22:11.205429+00:00,KXBTCD-26MAY3018,KXBTCD-26MAY3018-T69499.99,"Bitcoin price on May 30, 2026?",2026-05-30 6:00 PM EDT,37.8,73873.53,69499.99,above,60m,0.995,0.005,0.5483,0.4517,-0.4467,0.4467,0.3373,NO TRADE,0.505,0.01,0.75,"Lognormal CDF: spot $73,874, strike $69,500, sigma_h=0.0023, P(above)=1.000. | Above contract: model YES = P(above strike) = 0.548. | Fusion weights: strike=40%, rule=20%, ML=30%, OB=10%. | Model NO probability is 45 percentage points above market NO price. | Liquidity is acceptable and spread is within threshold.",multiple prices in title; using first/strike match | confidence 0.34 below threshold 0.65,0.0
2026-05-30T21:22:11.205598+00:00,KXBTCD-26MAY3018,KXBTCD-26MAY3018-T69399.99,"Bitcoin price on May 30, 2026?",2026-05-30 6:00 PM EDT,37.8,73873.53,69399.99,above,60m,0.995,0.005,0.5483,0.4517,-0.4467,0.4467,0.3373,NO TRADE,0.505,0.01,0.75,"Lognormal CDF: spot $73,874, strike $69,400, sigma_h=0.0023, P(above)=1.000. | Above contract: model YES = P(above strike) = 0.548. | Fusion weights: strike=40%, rule=20%, ML=30%, OB=10%. | Model NO probability is 45 percentage points above market NO price. | Liquidity is acceptable and spread is within threshold.",multiple prices in title; using first/strike match | confidence 0.34 below threshold 0.65,0.0
2026-05-30T21:22:11.205758+00:00,KXBTCD-26MAY3018,KXBTCD-26MAY3018-T69299.99,"Bitcoin price on May 30, 2026?",2026-05-30 6:00 PM EDT,37.8,73873.53,69299.99,above,60m,0.995,0.005,0.5483,0.4517,-0.4467,0.4467,0.3373,NO TRADE,0.505,0.01,0.75,"Lognormal CDF: spot $73,874, strike $69,300, sigma_h=0.0023, P(above)=1.000. | Above contract: model YES = P(above strike) = 0.548. | Fusion weights: strike=40%, rule=20%, ML=30%, OB=10%. | Model NO probability is 45 percentage points above market NO price. | Liquidity is acceptable and spread is within threshold.",multiple prices in title; using first/strike match | confidence 0.34 below threshold 0.65,0.0
2026-05-30T21:22:11.205919+00:00,KXBTCD-26MAY3018,KXBTCD-26MAY3018-T69199.99,"Bitcoin price on May 30, 2026?",2026-05-30 6:00 PM EDT,37.8,73873.53,69199.99,above,60m,0.995,0.005,0.5483,0.4517,-0.4467,0.4467,0.3373,NO TRADE,0.505,0.01,0.75,"Lognormal CDF: spot $73,874, strike $69,200, sigma_h=0.0023, P(above)=1.000. | Above contract: model YES = P(above strike) = 0.548. | Fusion weights: strike=40%, rule=20%, ML=30%, OB=10%. | Model NO probability is 45 percentage points above market NO price. | Liquidity is acceptable and spread is within threshold.",multiple prices in title; using first/strike match | confidence 0.34 below threshold 0.65,0.0
2026-05-30T21:22:11.206081+00:00,KXBTCD-26MAY3018,KXBTCD-26MAY3018-T69099.99,"Bitcoin price on May 30, 2026?",2026-05-30 6:00 PM EDT,37.8,73873.53,69099.99,above,60m,0.995,0.005,0.5483,0.4517,-0.4467,0.4467,0.3373,NO TRADE,0.505,0.01,0.75,"Lognormal CDF: spot $73,874, strike $69,100, sigma_h=0.0023, P(above)=1.000. | Above contract: model YES = P(above strike) = 0.548. | Fusion weights: strike=40%, rule=20%, ML=30%, OB=10%. | Model NO probability is 45 percentage points above market NO price. | Liquidity is acceptable and spread is within threshold.",multiple prices in title; using first/strike match | confidence 0.34 below threshold 0.65,0.0
2026-05-30T21:22:11.206244+00:00,KXBTCD-26MAY3018,KXBTCD-26MAY3018-T68999.99,"Bitcoin price on May 30, 2026?",2026-05-30 6:00 PM EDT,37.8,73873.53,68999.99,above,60m,0.995,0.005,0.5483,0.4517,-0.4467,0.4467,0.3373,NO TRADE,0.505,0.01,0.75,"Lognormal CDF: spot $73,874, strike $69,000, sigma_h=0.0023, P(above)=1.000. | Above contract: model YES = P(above strike) = 0.548. | Fusion weights: strike=40%, rule=20%, ML=30%, OB=10%. | Model NO probability is 45 percentage points above market NO price. | Liquidity is acceptable and spread is within threshold.",multiple prices in title; using first/strike match | confidence 0.34 below threshold 0.65,0.0
2026-05-30T21:22:11.206408+00:00,KXBTCD-26MAY3018,KXBTCD-26MAY3018-T68899.99,"Bitcoin price on May 30, 2026?",2026-05-30 6:00 PM EDT,37.8,73873.53,68899.99,above,60m,0.995,0.005,0.5483,0.4517,-0.4467,0.4467,0.3373,NO TRADE,0.505,0.01,0.75,"Lognormal CDF: spot $73,874, strike $68,900, sigma_h=0.0023, P(above)=1.000. | Above contract: model YES = P(above strike) = 0.548. | Fusion weights: strike=40%, rule=20%, ML=30%, OB=10%. | Model NO probability is 45 percentage points above market NO price. | Liquidity is acceptable and spread is within threshold.",multiple prices in title; using first/strike match | confidence 0.34 below threshold 0.65,0.0
2026-05-30T21:22:11.206571+00:00,KXBTCD-26MAY3018,KXBTCD-26MAY3018-T68799.99,"Bitcoin price on May 30, 2026?",2026-05-30 6:00 PM EDT,37.8,73873.53,68799.99,above,60m,0.995,0.005,0.5483,0.4517,-0.4467,0.4467,0.3373,NO TRADE,0.505,0.01,0.75,"Lognormal CDF: spot $73,874, strike $68,800, sigma_h=0.0023, P(above)=1.000. | Above contract: model YES = P(above strike) = 0.548. | Fusion weights: strike=40%, rule=20%, ML=30%, OB=10%. | Model NO probability is 45 percentage points above market NO price. | Liquidity is acceptable and spread is within threshold.",multiple prices in title; using first/strike match | confidence 0.34 below threshold 0.65,0.0
2026-05-30T21:22:11.206746+00:00,KXBTCD-26MAY3018,KXBTCD-26MAY3018-T68699.99,"Bitcoin price on May 30, 2026?",2026-05-30 6:00 PM EDT,37.8,73873.53,68699.99,above,60m,0.995,0.005,0.5483,0.4517,-0.4467,0.4467,0.3373,NO TRADE,0.505,0.01,0.75,"Lognormal CDF: spot $73,874, strike $68,700, sigma_h=0.0023, P(above)=1.000. | Above contract: model YES = P(above strike) = 0.548. | Fusion weights: strike=40%, rule=20%, ML=30%, OB=10%. | Model NO probability is 45 percentage points above market NO price. | Liquidity is acceptable and spread is within threshold.",multiple prices in title; using first/strike match | confidence 0.34 below threshold 0.65,0.0
2026-05-30T21:22:11.206906+00:00,KXBTCD-26MAY3018,KXBTCD-26MAY3018-T68599.99,"Bitcoin price on May 30, 2026?",2026-05-30 6:00 PM EDT,37.8,73873.53,68599.99,above,60m,0.995,0.005,0.5483,0.4517,-0.4467,0.4467,0.3373,NO TRADE,0.505,0.01,0.75,"Lognormal CDF: spot $73,874, strike $68,600, sigma_h=0.0023, P(above)=1.000. | Above contract: model YES = P(above strike) = 0.548. | Fusion weights: strike=40%, rule=20%, ML=30%, OB=10%. | Model NO probability is 45 percentage points above market NO price. | Liquidity is acceptable and spread is within threshold.",multiple prices in title; using first/strike match | confidence 0.34 below threshold 0.65,0.0
2026-05-30T21:22:11.207067+00:00,KXBTCD-26MAY3018,KXBTCD-26MAY3018-T68499.99,"Bitcoin price on May 30, 2026?",2026-05-30 6:00 PM EDT,37.8,73873.53,68499.99,above,60m,0.995,0.005,0.5483,0.4517,-0.4467,0.4467,0.3373,NO TRADE,0.505,0.01,0.75,"Lognormal CDF: spot $73,874, strike $68,500, sigma_h=0.0023, P(above)=1.000. | Above contract: model YES = P(above strike) = 0.548. | Fusion weights: strike=40%, rule=20%, ML=30%, OB=10%. | Model NO probability is 45 percentage points above market NO price. | Liquidity is acceptable and spread is within threshold.",multiple prices in title; using first/strike match | confidence 0.34 below threshold 0.65,0.0
2026-05-30T21:22:11.207230+00:00,KXBTCD-26MAY3018,KXBTCD-26MAY3018-T68399.99,"Bitcoin price on May 30, 2026?",2026-05-30 6:00 PM EDT,37.8,73873.53,68399.99,above,60m,0.995,0.005,0.5483,0.4517,-0.4467,0.4467,0.3373,NO TRADE,0.505,0.01,0.75,"Lognormal CDF: spot $73,874, strike $68,400, sigma_h=0.0023, P(above)=1.000. | Above contract: model YES = P(above strike) = 0.548. | Fusion weights: strike=40%, rule=20%, ML=30%, OB=10%. | Model NO probability is 45 percentage points above market NO price. | Liquidity is acceptable and spread is within threshold.",multiple prices in title; using first/strike match | confidence 0.34 below threshold 0.65,0.0
2026-05-30T21:22:11.207390+00:00,KXBTCD-26MAY3018,KXBTCD-26MAY3018-T68299.99,"Bitcoin price on May 30, 2026?",2026-05-30 6:00 PM EDT,37.8,73873.53,68299.99,above,60m,0.995,0.005,0.5483,0.4517,-0.4467,0.4467,0.3373,NO TRADE,0.505,0.01,0.75,"Lognormal CDF: spot $73,874, strike $68,300, sigma_h=0.0023, P(above)=1.000. | Above contract: model YES = P(above strike) = 0.548. | Fusion weights: strike=40%, rule=20%, ML=30%, OB=10%. | Model NO probability is 45 percentage points above market NO price. | Liquidity is acceptable and spread is within threshold.",multiple prices in title; using first/strike match | confidence 0.34 below threshold 0.65,0.0
2026-05-30T21:22:11.207553+00:00,KXBTCD-26MAY3018,KXBTCD-26MAY3018-T68199.99,"Bitcoin price on May 30, 2026?",2026-05-30 6:00 PM EDT,37.8,73873.53,68199.99,above,60m,0.995,0.005,0.5483,0.4517,-0.4467,0.4467,0.3373,NO TRADE,0.505,0.01,0.75,"Lognormal CDF: spot $73,874, strike $68,200, sigma_h=0.0023, P(above)=1.000. | Above contract: model YES = P(above strike) = 0.548. | Fusion weights: strike=40%, rule=20%, ML=30%, OB=10%. | Model NO probability is 45 percentage points above market NO price. | Liquidity is acceptable and spread is within threshold.",multiple prices in title; using first/strike match | confidence 0.34 below threshold 0.65,0.0
2026-05-30T21:22:11.207716+00:00,KXBTCD-26MAY3018,KXBTCD-26MAY3018-T68099.99,"Bitcoin price on May 30, 2026?",2026-05-30 6:00 PM EDT,37.8,73873.53,68099.99,above,60m,0.995,0.005,0.5483,0.4517,-0.4467,0.4467,0.3373,NO TRADE,0.505,0.01,0.75,"Lognormal CDF: spot $73,874, strike $68,100, sigma_h=0.0023, P(above)=1.000. | Above contract: model YES = P(above strike) = 0.548. | Fusion weights: strike=40%, rule=20%, ML=30%, OB=10%. | Model NO probability is 45 percentage points above market NO price. | Liquidity is acceptable and spread is within threshold.",multiple prices in title; using first/strike match | confidence 0.34 below threshold 0.65,0.0
2026-05-30T21:22:11.207878+00:00,KXBTCD-26MAY3018,KXBTCD-26MAY3018-T67999.99,"Bitcoin price on May 30, 2026?",2026-05-30 6:00 PM EDT,37.8,73873.53,67999.99,above,60m,0.995,0.005,0.5483,0.4517,-0.4467,0.4467,0.3373,NO TRADE,0.505,0.01,0.75,"Lognormal CDF: spot $73,874, strike $68,000, sigma_h=0.0023, P(above)=1.000. | Above contract: model YES = P(above strike) = 0.548. | Fusion weights: strike=40%, rule=20%, ML=30%, OB=10%. | Model NO probability is 45 percentage points above market NO price. | Liquidity is acceptable and spread is within threshold.",multiple prices in title; using first/strike match | confidence 0.34 below threshold 0.65,0.0
2026-05-30T21:22:11.208039+00:00,KXBTCD-26MAY3018,KXBTCD-26MAY3018-T67899.99,"Bitcoin price on May 30, 2026?",2026-05-30 6:00 PM EDT,37.8,73873.53,67899.99,above,60m,0.995,0.005,0.5483,0.4517,-0.4467,0.4467,0.3373,NO TRADE,0.505,0.01,0.75,"Lognormal CDF: spot $73,874, strike $67,900, sigma_h=0.0023, P(above)=1.000. | Above contract: model YES = P(above strike) = 0.548. | Fusion weights: strike=40%, rule=20%, ML=30%, OB=10%. | Model NO probability is 45 percentage points above market NO price. | Liquidity is acceptable and spread is within threshold.",multiple prices in title; using first/strike match | confidence 0.34 below threshold 0.65,0.0
2026-05-30T21:22:11.208200+00:00,KXBTCD-26MAY3018,KXBTCD-26MAY3018-T67799.99,"Bitcoin price on May 30, 2026?",2026-05-30 6:00 PM EDT,37.8,73873.53,67799.99,above,60m,0.995,0.005,0.5483,0.4517,-0.4467,0.4467,0.3373,NO TRADE,0.505,0.01,0.75,"Lognormal CDF: spot $73,874, strike $67,800, sigma_h=0.0023, P(above)=1.000. | Above contract: model YES = P(above strike) = 0.548. | Fusion weights: strike=40%, rule=20%, ML=30%, OB=10%. | Model NO probability is 45 percentage points above market NO price. | Liquidity is acceptable and spread is within threshold.",multiple prices in title; using first/strike match | confidence 0.34 below threshold 0.65,0.0
2026-05-30T21:22:11.208360+00:00,KXBTCD-26MAY3018,KXBTCD-26MAY3018-T67699.99,"Bitcoin price on May 30, 2026?",2026-05-30 6:00 PM EDT,37.8,73873.53,67699.99,above,60m,0.995,0.005,0.5483,0.4517,-0.4467,0.4467,0.3373,NO TRADE,0.505,0.01,0.75,"Lognormal CDF: spot $73,874, strike $67,700, sigma_h=0.0023, P(above)=1.000. | Above contract: model YES = P(above strike) = 0.548. | Fusion weights: strike=40%, rule=20%, ML=30%, OB=10%. | Model NO probability is 45 percentage points above market NO price. | Liquidity is acceptable and spread is within threshold.",multiple prices in title; using first/strike match | confidence 0.34 below threshold 0.65,0.0
2026-05-30T21:22:11.208521+00:00,KXBTCD-26MAY3018,KXBTCD-26MAY3018-T67599.99,"Bitcoin price on May 30, 2026?",2026-05-30 6:00 PM EDT,37.8,73873.53,67599.99,above,60m,0.995,0.005,0.5483,0.4517,-0.4467,0.4467,0.3373,NO TRADE,0.505,0.01,0.75,"Lognormal CDF: spot $73,874, strike $67,600, sigma_h=0.0023, P(above)=1.000. | Above contract: model YES = P(above strike) = 0.548. | Fusion weights: strike=40%, rule=20%, ML=30%, OB=10%. | Model NO probability is 45 percentage points above market NO price. | Liquidity is acceptable and spread is within threshold.",multiple prices in title; using first/strike match | confidence 0.34 below threshold 0.65,0.0
2026-05-30T21:22:11.208683+00:00,KXBTCD-26MAY3018,KXBTCD-26MAY3018-T67499.99,"Bitcoin price on May 30, 2026?",2026-05-30 6:00 PM EDT,37.8,73873.53,67499.99,above,60m,0.995,0.005,0.5483,0.4517,-0.4467,0.4467,0.3373,NO TRADE,0.505,0.01,0.75,"Lognormal CDF: spot $73,874, strike $67,500, sigma_h=0.0023, P(above)=1.000. | Above contract: model YES = P(above strike) = 0.548. | Fusion weights: strike=40%, rule=20%, ML=30%, OB=10%. | Model NO probability is 45 percentage points above market NO price. | Liquidity is acceptable and spread is within threshold.",multiple prices in title; using first/strike match | confidence 0.34 below threshold 0.65,0.0
2026-05-30T21:22:11.208847+00:00,KXBTCD-26MAY3018,KXBTCD-26MAY3018-T67399.99,"Bitcoin price on May 30, 2026?",2026-05-30 6:00 PM EDT,37.8,73873.53,67399.99,above,60m,0.995,0.005,0.5483,0.4517,-0.4467,0.4467,0.3373,NO TRADE,0.505,0.01,0.75,"Lognormal CDF: spot $73,874, strike $67,400, sigma_h=0.0023, P(above)=1.000. | Above contract: model YES = P(above strike) = 0.548. | Fusion weights: strike=40%, rule=20%, ML=30%, OB=10%. | Model NO probability is 45 percentage points above market NO price. | Liquidity is acceptable and spread is within threshold.",multiple prices in title; using first/strike match | confidence 0.34 below threshold 0.65,0.0
2026-05-30T21:22:11.209037+00:00,KXBTCD-26MAY3018,KXBTCD-26MAY3018-T67299.99,"Bitcoin price on May 30, 2026?",2026-05-30 6:00 PM EDT,37.8,73873.53,67299.99,above,60m,0.995,0.005,0.5483,0.4517,-0.4467,0.4467,0.3373,NO TRADE,0.505,0.01,0.75,"Lognormal CDF: spot $73,874, strike $67,300, sigma_h=0.0023, P(above)=1.000. | Above contract: model YES = P(above strike) = 0.548. | Fusion weights: strike=40%, rule=20%, ML=30%, OB=10%. | Model NO probability is 45 percentage points above market NO price. | Liquidity is acceptable and spread is within threshold.",multiple prices in title; using first/strike match | confidence 0.34 below threshold 0.65,0.0
2026-05-30T21:22:11.209198+00:00,KXBTCD-26MAY3018,KXBTCD-26MAY3018-T67199.99,"Bitcoin price on May 30, 2026?",2026-05-30 6:00 PM EDT,37.8,73873.53,67199.99,above,60m,0.995,0.005,0.5483,0.4517,-0.4467,0.4467,0.3373,NO TRADE,0.505,0.01,0.75,"Lognormal CDF: spot $73,874, strike $67,200, sigma_h=0.0023, P(above)=1.000. | Above contract: model YES = P(above strike) = 0.548. | Fusion weights: strike=40%, rule=20%, ML=30%, OB=10%. | Model NO probability is 45 percentage points above market NO price. | Liquidity is acceptable and spread is within threshold.",multiple prices in title; using first/strike match | confidence 0.34 below threshold 0.65,0.0
2026-05-30T21:22:11.209362+00:00,KXBTCD-26MAY3018,KXBTCD-26MAY3018-T67099.99,"Bitcoin price on May 30, 2026?",2026-05-30 6:00 PM EDT,37.8,73873.53,67099.99,above,60m,0.995,0.005,0.5483,0.4517,-0.4467,0.4467,0.3373,NO TRADE,0.505,0.01,0.75,"Lognormal CDF: spot $73,874, strike $67,100, sigma_h=0.0023, P(above)=1.000. | Above contract: model YES = P(above strike) = 0.548. | Fusion weights: strike=40%, rule=20%, ML=30%, OB=10%. | Model NO probability is 45 percentage points above market NO price. | Liquidity is acceptable and spread is within threshold.",multiple prices in title; using first/strike match | confidence 0.34 below threshold 0.65,0.0
2026-05-30T21:22:11.209529+00:00,KXBTCD-26MAY3018,KXBTCD-26MAY3018-T66999.99,"Bitcoin price on May 30, 2026?",2026-05-30 6:00 PM EDT,37.8,73873.53,66999.99,above,60m,0.995,0.005,0.5483,0.4517,-0.4467,0.4467,0.3373,NO TRADE,0.505,0.01,0.75,"Lognormal CDF: spot $73,874, strike $67,000, sigma_h=0.0023, P(above)=1.000. | Above contract: model YES = P(above strike) = 0.548. | Fusion weights: strike=40%, rule=20%, ML=30%, OB=10%. | Model NO probability is 45 percentage points above market NO price. | Liquidity is acceptable and spread is within threshold.",multiple prices in title; using first/strike match | confidence 0.34 below threshold 0.65,0.0
2026-05-30T21:22:11.209681+00:00,KXBTCD-26MAY3018,KXBTCD-26MAY3018-T66899.99,"Bitcoin price on May 30, 2026?",2026-05-30 6:00 PM EDT,37.8,73873.53,66899.99,above,60m,0.995,0.005,0.5483,0.4517,-0.4467,0.4467,0.3373,NO TRADE,0.505,0.01,0.75,"Lognormal CDF: spot $73,874, strike $66,900, sigma_h=0.0023, P(above)=1.000. | Above contract: model YES = P(above strike) = 0.548. | Fusion weights: strike=40%, rule=20%, ML=30%, OB=10%. | Model NO probability is 45 percentage points above market NO price. | Liquidity is acceptable and spread is within threshold.",multiple prices in title; using first/strike match | confidence 0.34 below threshold 0.65,0.0
2026-05-30T21:22:11.209833+00:00,KXBTCD-26MAY3018,KXBTCD-26MAY3018-T66799.99,"Bitcoin price on May 30, 2026?",2026-05-30 6:00 PM EDT,37.8,73873.53,66799.99,above,60m,0.995,0.005,0.5483,0.4517,-0.4467,0.4467,0.3373,NO TRADE,0.505,0.01,0.75,"Lognormal CDF: spot $73,874, strike $66,800, sigma_h=0.0023, P(above)=1.000. | Above contract: model YES = P(above strike) = 0.548. | Fusion weights: strike=40%, rule=20%, ML=30%, OB=10%. | Model NO probability is 45 percentage points above market NO price. | Liquidity is acceptable and spread is within threshold.",multiple prices in title; using first/strike match | confidence 0.34 below threshold 0.65,0.0
2026-05-30T21:22:11.209989+00:00,KXBTCD-26MAY3018,KXBTCD-26MAY3018-T66699.99,"Bitcoin price on May 30, 2026?",2026-05-30 6:00 PM EDT,37.8,73873.53,66699.99,above,60m,0.995,0.005,0.5483,0.4517,-0.4467,0.4467,0.3373,NO TRADE,0.505,0.01,0.75,"Lognormal CDF: spot $73,874, strike $66,700, sigma_h=0.0023, P(above)=1.000. | Above contract: model YES = P(above strike) = 0.548. | Fusion weights: strike=40%, rule=20%, ML=30%, OB=10%. | Model NO probability is 45 percentage points above market NO price. | Liquidity is acceptable and spread is within threshold.",multiple prices in title; using first/strike match | confidence 0.34 below threshold 0.65,0.0
2026-05-30T21:22:11.210138+00:00,KXBTCD-26MAY3018,KXBTCD-26MAY3018-T66599.99,"Bitcoin price on May 30, 2026?",2026-05-30 6:00 PM EDT,37.8,73873.53,66599.99,above,60m,0.995,0.005,0.5483,0.4517,-0.4467,0.4467,0.3373,NO TRADE,0.505,0.01,0.75,"Lognormal CDF: spot $73,874, strike $66,600, sigma_h=0.0023, P(above)=1.000. | Above contract: model YES = P(above strike) = 0.548. | Fusion weights: strike=40%, rule=20%, ML=30%, OB=10%. | Model NO probability is 45 percentage points above market NO price. | Liquidity is acceptable and spread is within threshold.",multiple prices in title; using first/strike match | confidence 0.34 below threshold 0.65,0.0
2026-05-30T21:22:11.210304+00:00,KXBTCD-26MAY3018,KXBTCD-26MAY3018-T66499.99,"Bitcoin price on May 30, 2026?",2026-05-30 6:00 PM EDT,37.8,73873.53,66499.99,above,60m,0.995,0.005,0.5483,0.4517,-0.4467,0.4467,0.3373,NO TRADE,0.505,0.01,0.75,"Lognormal CDF: spot $73,874, strike $66,500, sigma_h=0.0023, P(above)=1.000. | Above contract: model YES = P(above strike) = 0.548. | Fusion weights: strike=40%, rule=20%, ML=30%, OB=10%. | Model NO probability is 45 percentage points above market NO price. | Liquidity is acceptable and spread is within threshold.",multiple prices in title; using first/strike match | confidence 0.34 below threshold 0.65,0.0
2026-05-30T21:22:11.210453+00:00,KXBTCD-26MAY3018,KXBTCD-26MAY3018-T66399.99,"Bitcoin price on May 30, 2026?",2026-05-30 6:00 PM EDT,37.8,73873.53,66399.99,above,60m,0.995,0.005,0.5483,0.4517,-0.4467,0.4467,0.3373,NO TRADE,0.505,0.01,0.75,"Lognormal CDF: spot $73,874, strike $66,400, sigma_h=0.0023, P(above)=1.000. | Above contract: model YES = P(above strike) = 0.548. | Fusion weights: strike=40%, rule=20%, ML=30%, OB=10%. | Model NO probability is 45 percentage points above market NO price. | Liquidity is acceptable and spread is within threshold.",multiple prices in title; using first/strike match | confidence 0.34 below threshold 0.65,0.0
2026-05-30T21:22:11.210610+00:00,KXBTCD-26MAY3018,KXBTCD-26MAY3018-T66299.99,"Bitcoin price on May 30, 2026?",2026-05-30 6:00 PM EDT,37.8,73873.53,66299.99,above,60m,0.995,0.005,0.5483,0.4517,-0.4467,0.4467,0.3373,NO TRADE,0.505,0.01,0.75,"Lognormal CDF: spot $73,874, strike $66,300, sigma_h=0.0023, P(above)=1.000. | Above contract: model YES = P(above strike) = 0.548. | Fusion weights: strike=40%, rule=20%, ML=30%, OB=10%. | Model NO probability is 45 percentage points above market NO price. | Liquidity is acceptable and spread is within threshold.",multiple prices in title; using first/strike match | confidence 0.34 below threshold 0.65,0.0
2026-05-30T21:22:11.210759+00:00,KXBTCD-26MAY3018,KXBTCD-26MAY3018-T66199.99,"Bitcoin price on May 30, 2026?",2026-05-30 6:00 PM EDT,37.8,73873.53,66199.99,above,60m,0.995,0.005,0.5483,0.4517,-0.4467,0.4467,0.3373,NO TRADE,0.505,0.01,0.75,"Lognormal CDF: spot $73,874, strike $66,200, sigma_h=0.0023, P(above)=1.000. | Above contract: model YES = P(above strike) = 0.548. | Fusion weights: strike=40%, rule=20%, ML=30%, OB=10%. | Model NO probability is 45 percentage points above market NO price. | Liquidity is acceptable and spread is within threshold.",multiple prices in title; using first/strike match | confidence 0.34 below threshold 0.65,0.0
2026-05-30T21:22:11.210908+00:00,KXBTCD-26MAY3018,KXBTCD-26MAY3018-T66099.99,"Bitcoin price on May 30, 2026?",2026-05-30 6:00 PM EDT,37.8,73873.53,66099.99,above,60m,0.995,0.005,0.5483,0.4517,-0.4467,0.4467,0.3373,NO TRADE,0.505,0.01,0.75,"Lognormal CDF: spot $73,874, strike $66,100, sigma_h=0.0023, P(above)=1.000. | Above contract: model YES = P(above strike) = 0.548. | Fusion weights: strike=40%, rule=20%, ML=30%, OB=10%. | Model NO probability is 45 percentage points above market NO price. | Liquidity is acceptable and spread is within threshold.",multiple prices in title; using first/strike match | confidence 0.34 below threshold 0.65,0.0
2026-05-30T21:22:11.211072+00:00,KXBTCD-26MAY3018,KXBTCD-26MAY3018-T65999.99,"Bitcoin price on May 30, 2026?",2026-05-30 6:00 PM EDT,37.8,73873.53,65999.99,above,60m,0.995,0.005,0.5483,0.4517,-0.4467,0.4467,0.3373,NO TRADE,0.505,0.01,0.75,"Lognormal CDF: spot $73,874, strike $66,000, sigma_h=0.0023, P(above)=1.000. | Above contract: model YES = P(above strike) = 0.548. | Fusion weights: strike=40%, rule=20%, ML=30%, OB=10%. | Model NO probability is 45 percentage points above market NO price. | Liquidity is acceptable and spread is within threshold.",multiple prices in title; using first/strike match | confidence 0.34 below threshold 0.65,0.0
2026-05-30T21:22:11.211258+00:00,KXBTCD-26MAY3018,KXBTCD-26MAY3018-T65899.99,"Bitcoin price on May 30, 2026?",2026-05-30 6:00 PM EDT,37.8,73873.53,65899.99,above,60m,0.995,0.005,0.5483,0.4517,-0.4467,0.4467,0.3373,NO TRADE,0.505,0.01,0.75,"Lognormal CDF: spot $73,874, strike $65,900, sigma_h=0.0023, P(above)=1.000. | Above contract: model YES = P(above strike) = 0.548. | Fusion weights: strike=40%, rule=20%, ML=30%, OB=10%. | Model NO probability is 45 percentage points above market NO price. | Liquidity is acceptable and spread is within threshold.",multiple prices in title; using first/strike match | confidence 0.34 below threshold 0.65,0.0
2026-05-30T21:22:11.211410+00:00,KXBTCD-26MAY3018,KXBTCD-26MAY3018-T65799.99,"Bitcoin price on May 30, 2026?",2026-05-30 6:00 PM EDT,37.8,73873.53,65799.99,above,60m,0.995,0.005,0.5483,0.4517,-0.4467,0.4467,0.3373,NO TRADE,0.505,0.01,0.75,"Lognormal CDF: spot $73,874, strike $65,800, sigma_h=0.0023, P(above)=1.000. | Above contract: model YES = P(above strike) = 0.548. | Fusion weights: strike=40%, rule=20%, ML=30%, OB=10%. | Model NO probability is 45 percentage points above market NO price. | Liquidity is acceptable and spread is within threshold.",multiple prices in title; using first/strike match | confidence 0.34 below threshold 0.65,0.0
2026-05-30T21:22:11.211560+00:00,KXBTCD-26MAY3018,KXBTCD-26MAY3018-T65699.99,"Bitcoin price on May 30, 2026?",2026-05-30 6:00 PM EDT,37.8,73873.53,65699.99,above,60m,0.995,0.005,0.5483,0.4517,-0.4467,0.4467,0.3373,NO TRADE,0.505,0.01,0.75,"Lognormal CDF: spot $73,874, strike $65,700, sigma_h=0.0023, P(above)=1.000. | Above contract: model YES = P(above strike) = 0.548. | Fusion weights: strike=40%, rule=20%, ML=30%, OB=10%. | Model NO probability is 45 percentage points above market NO price. | Liquidity is acceptable and spread is within threshold.",multiple prices in title; using first/strike match | confidence 0.34 below threshold 0.65,0.0
2026-05-30T21:22:11.211710+00:00,KXBTCD-26MAY3018,KXBTCD-26MAY3018-T65599.99,"Bitcoin price on May 30, 2026?",2026-05-30 6:00 PM EDT,37.8,73873.53,65599.99,above,60m,0.995,0.005,0.5483,0.4517,-0.4467,0.4467,0.3373,NO TRADE,0.505,0.01,0.75,"Lognormal CDF: spot $73,874, strike $65,600, sigma_h=0.0023, P(above)=1.000. | Above contract: model YES = P(above strike) = 0.548. | Fusion weights: strike=40%, rule=20%, ML=30%, OB=10%. | Model NO probability is 45 percentage points above market NO price. | Liquidity is acceptable and spread is within threshold.",multiple prices in title; using first/strike match | confidence 0.34 below threshold 0.65,0.0
2026-05-30T21:22:11.211871+00:00,KXBTCD-26MAY3018,KXBTCD-26MAY3018-T65499.99,"Bitcoin price on May 30, 2026?",2026-05-30 6:00 PM EDT,37.8,73873.53,65499.99,above,60m,0.995,0.005,0.5483,0.4517,-0.4467,0.4467,0.3373,NO TRADE,0.505,0.01,0.75,"Lognormal CDF: spot $73,874, strike $65,500, sigma_h=0.0023, P(above)=1.000. | Above contract: model YES = P(above strike) = 0.548. | Fusion weights: strike=40%, rule=20%, ML=30%, OB=10%. | Model NO probability is 45 percentage points above market NO price. | Liquidity is acceptable and spread is within threshold.",multiple prices in title; using first/strike match | confidence 0.34 below threshold 0.65,0.0
2026-05-30T21:22:11.212020+00:00,KXBTCD-26MAY3018,KXBTCD-26MAY3018-T65399.99,"Bitcoin price on May 30, 2026?",2026-05-30 6:00 PM EDT,37.8,73873.53,65399.99,above,60m,0.995,0.005,0.5483,0.4517,-0.4467,0.4467,0.3373,NO TRADE,0.505,0.01,0.75,"Lognormal CDF: spot $73,874, strike $65,400, sigma_h=0.0023, P(above)=1.000. | Above contract: model YES = P(above strike) = 0.548. | Fusion weights: strike=40%, rule=20%, ML=30%, OB=10%. | Model NO probability is 45 percentage points above market NO price. | Liquidity is acceptable and spread is within threshold.",multiple prices in title; using first/strike match | confidence 0.34 below threshold 0.65,0.0
2026-05-30T21:22:11.212175+00:00,KXBTCD-26MAY3018,KXBTCD-26MAY3018-T65299.99,"Bitcoin price on May 30, 2026?",2026-05-30 6:00 PM EDT,37.8,73873.53,65299.99,above,60m,0.995,0.005,0.5483,0.4517,-0.4467,0.4467,0.3373,NO TRADE,0.505,0.01,0.75,"Lognormal CDF: spot $73,874, strike $65,300, sigma_h=0.0023, P(above)=1.000. | Above contract: model YES = P(above strike) = 0.548. | Fusion weights: strike=40%, rule=20%, ML=30%, OB=10%. | Model NO probability is 45 percentage points above market NO price. | Liquidity is acceptable and spread is within threshold.",multiple prices in title; using first/strike match | confidence 0.34 below threshold 0.65,0.0
2026-05-30T21:22:11.212330+00:00,KXBTCD-26MAY3018,KXBTCD-26MAY3018-T65199.99,"Bitcoin price on May 30, 2026?",2026-05-30 6:00 PM EDT,37.8,73873.53,65199.99,above,60m,0.995,0.005,0.5483,0.4517,-0.4467,0.4467,0.3373,NO TRADE,0.505,0.01,0.75,"Lognormal CDF: spot $73,874, strike $65,200, sigma_h=0.0023, P(above)=1.000. | Above contract: model YES = P(above strike) = 0.548. | Fusion weights: strike=40%, rule=20%, ML=30%, OB=10%. | Model NO probability is 45 percentage points above market NO price. | Liquidity is acceptable and spread is within threshold.",multiple prices in title; using first/strike match | confidence 0.34 below threshold 0.65,0.0
2026-05-30T21:22:11.212484+00:00,KXBTCD-26MAY3018,KXBTCD-26MAY3018-T65099.99,"Bitcoin price on May 30, 2026?",2026-05-30 6:00 PM EDT,37.8,73873.53,65099.99,above,60m,0.995,0.005,0.5483,0.4517,-0.4467,0.4467,0.3373,NO TRADE,0.505,0.01,0.75,"Lognormal CDF: spot $73,874, strike $65,100, sigma_h=0.0023, P(above)=1.000. | Above contract: model YES = P(above strike) = 0.548. | Fusion weights: strike=40%, rule=20%, ML=30%, OB=10%. | Model NO probability is 45 percentage points above market NO price. | Liquidity is acceptable and spread is within threshold.",multiple prices in title; using first/strike match | confidence 0.34 below threshold 0.65,0.0
2026-05-30T21:22:11.212641+00:00,KXBTCD-26MAY3018,KXBTCD-26MAY3018-T64999.99,"Bitcoin price on May 30, 2026?",2026-05-30 6:00 PM EDT,37.8,73873.53,64999.99,above,60m,0.995,0.005,0.5483,0.4517,-0.4467,0.4467,0.3373,NO TRADE,0.505,0.01,0.75,"Lognormal CDF: spot $73,874, strike $65,000, sigma_h=0.0023, P(above)=1.000. | Above contract: model YES = P(above strike) = 0.548. | Fusion weights: strike=40%, rule=20%, ML=30%, OB=10%. | Model NO probability is 45 percentage points above market NO price. | Liquidity is acceptable and spread is within threshold.",multiple prices in title; using first/strike match | confidence 0.34 below threshold 0.65,0.0
2026-05-30T21:22:11.212793+00:00,KXBTCD-26MAY3018,KXBTCD-26MAY3018-T64899.99,"Bitcoin price on May 30, 2026?",2026-05-30 6:00 PM EDT,37.8,73873.53,64899.99,above,60m,0.995,0.005,0.5483,0.4517,-0.4467,0.4467,0.3373,NO TRADE,0.505,0.01,0.75,"Lognormal CDF: spot $73,874, strike $64,900, sigma_h=0.0023, P(above)=1.000. | Above contract: model YES = P(above strike) = 0.548. | Fusion weights: strike=40%, rule=20%, ML=30%, OB=10%. | Model NO probability is 45 percentage points above market NO price. | Liquidity is acceptable and spread is within threshold.",multiple prices in title; using first/strike match | confidence 0.34 below threshold 0.65,0.0
2026-05-30T21:22:11.212947+00:00,KXBTCD-26MAY3018,KXBTCD-26MAY3018-T64799.99,"Bitcoin price on May 30, 2026?",2026-05-30 6:00 PM EDT,37.8,73873.53,64799.99,above,60m,0.995,0.005,0.5483,0.4517,-0.4467,0.4467,0.3373,NO TRADE,0.505,0.01,0.75,"Lognormal CDF: spot $73,874, strike $64,800, sigma_h=0.0023, P(above)=1.000. | Above contract: model YES = P(above strike) = 0.548. | Fusion weights: strike=40%, rule=20%, ML=30%, OB=10%. | Model NO probability is 45 percentage points above market NO price. | Liquidity is acceptable and spread is within threshold.",multiple prices in title; using first/strike match | confidence 0.34 below threshold 0.65,0.0
2026-05-30T21:22:11.213114+00:00,KXBTCD-26MAY3018,KXBTCD-26MAY3018-T64699.99,"Bitcoin price on May 30, 2026?",2026-05-30 6:00 PM EDT,37.8,73873.53,64699.99,above,60m,0.995,0.005,0.5483,0.4517,-0.4467,0.4467,0.3373,NO TRADE,0.505,0.01,0.75,"Lognormal CDF: spot $73,874, strike $64,700, sigma_h=0.0023, P(above)=1.000. | Above contract: model YES = P(above strike) = 0.548. | Fusion weights: strike=40%, rule=20%, ML=30%, OB=10%. | Model NO probability is 45 percentage points above market NO price. | Liquidity is acceptable and spread is within threshold.",multiple prices in title; using first/strike match | confidence 0.34 below threshold 0.65,0.0
2026-05-30T21:22:11.213268+00:00,KXBTCD-26MAY3018,KXBTCD-26MAY3018-T64599.99,"Bitcoin price on May 30, 2026?",2026-05-30 6:00 PM EDT,37.8,73873.53,64599.99,above,60m,0.995,0.005,0.5483,0.4517,-0.4467,0.4467,0.3373,NO TRADE,0.505,0.01,0.75,"Lognormal CDF: spot $73,874, strike $64,600, sigma_h=0.0023, P(above)=1.000. | Above contract: model YES = P(above strike) = 0.548. | Fusion weights: strike=40%, rule=20%, ML=30%, OB=10%. | Model NO probability is 45 percentage points above market NO price. | Liquidity is acceptable and spread is within threshold.",multiple prices in title; using first/strike match | confidence 0.34 below threshold 0.65,0.0
2026-05-30T21:22:11.213420+00:00,KXBTCD-26MAY3018,KXBTCD-26MAY3018-T64499.99,"Bitcoin price on May 30, 2026?",2026-05-30 6:00 PM EDT,37.8,73873.53,64499.99,above,60m,0.995,0.005,0.5483,0.4517,-0.4467,0.4467,0.3373,NO TRADE,0.505,0.01,0.75,"Lognormal CDF: spot $73,874, strike $64,500, sigma_h=0.0023, P(above)=1.000. | Above contract: model YES = P(above strike) = 0.548. | Fusion weights: strike=40%, rule=20%, ML=30%, OB=10%. | Model NO probability is 45 percentage points above market NO price. | Liquidity is acceptable and spread is within threshold.",multiple prices in title; using first/strike match | confidence 0.34 below threshold 0.65,0.0
2026-05-30T21:22:11.213573+00:00,KXBTCD-26MAY3018,KXBTCD-26MAY3018-T64399.99,"Bitcoin price on May 30, 2026?",2026-05-30 6:00 PM EDT,37.8,73873.53,64399.99,above,60m,0.995,0.005,0.5483,0.4517,-0.4467,0.4467,0.3373,NO TRADE,0.505,0.01,0.75,"Lognormal CDF: spot $73,874, strike $64,400, sigma_h=0.0023, P(above)=1.000. | Above contract: model YES = P(above strike) = 0.548. | Fusion weights: strike=40%, rule=20%, ML=30%, OB=10%. | Model NO probability is 45 percentage points above market NO price. | Liquidity is acceptable and spread is within threshold.",multiple prices in title; using first/strike match | confidence 0.34 below threshold 0.65,0.0
2026-05-30T21:22:11.213723+00:00,KXBTCD-26MAY3018,KXBTCD-26MAY3018-T64299.99,"Bitcoin price on May 30, 2026?",2026-05-30 6:00 PM EDT,37.8,73873.53,64299.99,above,60m,0.995,0.005,0.5483,0.4517,-0.4467,0.4467,0.3373,NO TRADE,0.505,0.01,0.75,"Lognormal CDF: spot $73,874, strike $64,300, sigma_h=0.0023, P(above)=1.000. | Above contract: model YES = P(above strike) = 0.548. | Fusion weights: strike=40%, rule=20%, ML=30%, OB=10%. | Model NO probability is 45 percentage points above market NO price. | Liquidity is acceptable and spread is within threshold.",multiple prices in title; using first/strike match | confidence 0.34 below threshold 0.65,0.0
2026-05-30T21:22:11.213872+00:00,KXBTCD-26MAY3018,KXBTCD-26MAY3018-T64199.99,"Bitcoin price on May 30, 2026?",2026-05-30 6:00 PM EDT,37.8,73873.53,64199.99,above,60m,0.995,0.005,0.5483,0.4517,-0.4467,0.4467,0.3373,NO TRADE,0.505,0.01,0.75,"Lognormal CDF: spot $73,874, strike $64,200, sigma_h=0.0023, P(above)=1.000. | Above contract: model YES = P(above strike) = 0.548. | Fusion weights: strike=40%, rule=20%, ML=30%, OB=10%. | Model NO probability is 45 percentage points above market NO price. | Liquidity is acceptable and spread is within threshold.",multiple prices in title; using first/strike match | confidence 0.34 below threshold 0.65,0.0
2026-05-30T21:22:11.214036+00:00,KXBTCD-26MAY3018,KXBTCD-26MAY3018-T64099.99,"Bitcoin price on May 30, 2026?",2026-05-30 6:00 PM EDT,37.8,73873.53,64099.99,above,60m,0.995,0.005,0.5483,0.4517,-0.4467,0.4467,0.3373,NO TRADE,0.505,0.01,0.75,"Lognormal CDF: spot $73,874, strike $64,100, sigma_h=0.0023, P(above)=1.000. | Above contract: model YES = P(above strike) = 0.548. | Fusion weights: strike=40%, rule=20%, ML=30%, OB=10%. | Model NO probability is 45 percentage points above market NO price. | Liquidity is acceptable and spread is within threshold.",multiple prices in title; using first/strike match | confidence 0.34 below threshold 0.65,0.0
