timestamp,event_title,contract_ticker,contract_title,target_time_edt,time_to_expiry_minutes,current_btc_price,strike_price,direction,selected_horizon,market_yes_probability,market_no_probability,model_yes_probability,model_no_probability,yes_edge,no_edge,confidence,recommendation,liquidity_score,bid_ask_spread,mapping_confidence,key_drivers,warnings,rank_score
2026-05-30T21:22:44.257818+00:00,KXBTCD-26MAY3018,KXBTCD-26MAY3018-T82799.99,"Bitcoin price on May 30, 2026?",2026-05-30 6:00 PM EDT,37.3,73877.53,82799.99,above,30m,0.005,0.995,0.1563,0.8437,0.1513,-0.1513,0.3638,NO TRADE,0.505,0.01,0.75,"Lognormal CDF: spot $73,878, strike $82,800, sigma_h=0.0016, P(above)=0.000. | Above contract: model YES = P(above strike) = 0.156. | Fusion weights: strike=40%, rule=20%, ML=30%, OB=10%. | Model YES probability is 15 percentage points above market YES price. | Liquidity is acceptable and spread is within threshold.",multiple prices in title; using first/strike match | confidence 0.36 below threshold 0.65,0.0
2026-05-30T21:22:44.258124+00:00,KXBTCD-26MAY3018,KXBTCD-26MAY3018-T82699.99,"Bitcoin price on May 30, 2026?",2026-05-30 6:00 PM EDT,37.3,73877.53,82699.99,above,30m,0.005,0.995,0.1563,0.8437,0.1513,-0.1513,0.3638,NO TRADE,0.505,0.01,0.75,"Lognormal CDF: spot $73,878, strike $82,700, sigma_h=0.0016, P(above)=0.000. | Above contract: model YES = P(above strike) = 0.156. | Fusion weights: strike=40%, rule=20%, ML=30%, OB=10%. | Model YES probability is 15 percentage points above market YES price. | Liquidity is acceptable and spread is within threshold.",multiple prices in title; using first/strike match | confidence 0.36 below threshold 0.65,0.0
2026-05-30T21:22:44.258366+00:00,KXBTCD-26MAY3018,KXBTCD-26MAY3018-T82599.99,"Bitcoin price on May 30, 2026?",2026-05-30 6:00 PM EDT,37.3,73877.53,82599.99,above,30m,0.005,0.995,0.1563,0.8437,0.1513,-0.1513,0.3638,NO TRADE,0.505,0.01,0.75,"Lognormal CDF: spot $73,878, strike $82,600, sigma_h=0.0016, P(above)=0.000. | Above contract: model YES = P(above strike) = 0.156. | Fusion weights: strike=40%, rule=20%, ML=30%, OB=10%. | Model YES probability is 15 percentage points above market YES price. | Liquidity is acceptable and spread is within threshold.",multiple prices in title; using first/strike match | confidence 0.36 below threshold 0.65,0.0
2026-05-30T21:22:44.258584+00:00,KXBTCD-26MAY3018,KXBTCD-26MAY3018-T82499.99,"Bitcoin price on May 30, 2026?",2026-05-30 6:00 PM EDT,37.3,73877.53,82499.99,above,30m,0.005,0.995,0.1563,0.8437,0.1513,-0.1513,0.3638,NO TRADE,0.505,0.01,0.75,"Lognormal CDF: spot $73,878, strike $82,500, sigma_h=0.0016, P(above)=0.000. | Above contract: model YES = P(above strike) = 0.156. | Fusion weights: strike=40%, rule=20%, ML=30%, OB=10%. | Model YES probability is 15 percentage points above market YES price. | Liquidity is acceptable and spread is within threshold.",multiple prices in title; using first/strike match | confidence 0.36 below threshold 0.65,0.0
2026-05-30T21:22:44.258801+00:00,KXBTCD-26MAY3018,KXBTCD-26MAY3018-T82399.99,"Bitcoin price on May 30, 2026?",2026-05-30 6:00 PM EDT,37.3,73877.53,82399.99,above,30m,0.005,0.995,0.1563,0.8437,0.1513,-0.1513,0.3638,NO TRADE,0.505,0.01,0.75,"Lognormal CDF: spot $73,878, strike $82,400, sigma_h=0.0016, P(above)=0.000. | Above contract: model YES = P(above strike) = 0.156. | Fusion weights: strike=40%, rule=20%, ML=30%, OB=10%. | Model YES probability is 15 percentage points above market YES price. | Liquidity is acceptable and spread is within threshold.",multiple prices in title; using first/strike match | confidence 0.36 below threshold 0.65,0.0
2026-05-30T21:22:44.259010+00:00,KXBTCD-26MAY3018,KXBTCD-26MAY3018-T82299.99,"Bitcoin price on May 30, 2026?",2026-05-30 6:00 PM EDT,37.3,73877.53,82299.99,above,30m,0.005,0.995,0.1563,0.8437,0.1513,-0.1513,0.3638,NO TRADE,0.505,0.01,0.75,"Lognormal CDF: spot $73,878, strike $82,300, sigma_h=0.0016, P(above)=0.000. | Above contract: model YES = P(above strike) = 0.156. | Fusion weights: strike=40%, rule=20%, ML=30%, OB=10%. | Model YES probability is 15 percentage points above market YES price. | Liquidity is acceptable and spread is within threshold.",multiple prices in title; using first/strike match | confidence 0.36 below threshold 0.65,0.0
2026-05-30T21:22:44.259225+00:00,KXBTCD-26MAY3018,KXBTCD-26MAY3018-T82199.99,"Bitcoin price on May 30, 2026?",2026-05-30 6:00 PM EDT,37.3,73877.53,82199.99,above,30m,0.005,0.995,0.1563,0.8437,0.1513,-0.1513,0.3638,NO TRADE,0.505,0.01,0.75,"Lognormal CDF: spot $73,878, strike $82,200, sigma_h=0.0016, P(above)=0.000. | Above contract: model YES = P(above strike) = 0.156. | Fusion weights: strike=40%, rule=20%, ML=30%, OB=10%. | Model YES probability is 15 percentage points above market YES price. | Liquidity is acceptable and spread is within threshold.",multiple prices in title; using first/strike match | confidence 0.36 below threshold 0.65,0.0
2026-05-30T21:22:44.259431+00:00,KXBTCD-26MAY3018,KXBTCD-26MAY3018-T82099.99,"Bitcoin price on May 30, 2026?",2026-05-30 6:00 PM EDT,37.3,73877.53,82099.99,above,30m,0.005,0.995,0.1563,0.8437,0.1513,-0.1513,0.3638,NO TRADE,0.505,0.01,0.75,"Lognormal CDF: spot $73,878, strike $82,100, sigma_h=0.0016, P(above)=0.000. | Above contract: model YES = P(above strike) = 0.156. | Fusion weights: strike=40%, rule=20%, ML=30%, OB=10%. | Model YES probability is 15 percentage points above market YES price. | Liquidity is acceptable and spread is within threshold.",multiple prices in title; using first/strike match | confidence 0.36 below threshold 0.65,0.0
2026-05-30T21:22:44.259632+00:00,KXBTCD-26MAY3018,KXBTCD-26MAY3018-T81999.99,"Bitcoin price on May 30, 2026?",2026-05-30 6:00 PM EDT,37.3,73877.53,81999.99,above,30m,0.005,0.995,0.1563,0.8437,0.1513,-0.1513,0.3638,NO TRADE,0.505,0.01,0.75,"Lognormal CDF: spot $73,878, strike $82,000, sigma_h=0.0016, P(above)=0.000. | Above contract: model YES = P(above strike) = 0.156. | Fusion weights: strike=40%, rule=20%, ML=30%, OB=10%. | Model YES probability is 15 percentage points above market YES price. | Liquidity is acceptable and spread is within threshold.",multiple prices in title; using first/strike match | confidence 0.36 below threshold 0.65,0.0
2026-05-30T21:22:44.259839+00:00,KXBTCD-26MAY3018,KXBTCD-26MAY3018-T81899.99,"Bitcoin price on May 30, 2026?",2026-05-30 6:00 PM EDT,37.3,73877.53,81899.99,above,30m,0.005,0.995,0.1563,0.8437,0.1513,-0.1513,0.3638,NO TRADE,0.505,0.01,0.75,"Lognormal CDF: spot $73,878, strike $81,900, sigma_h=0.0016, P(above)=0.000. | Above contract: model YES = P(above strike) = 0.156. | Fusion weights: strike=40%, rule=20%, ML=30%, OB=10%. | Model YES probability is 15 percentage points above market YES price. | Liquidity is acceptable and spread is within threshold.",multiple prices in title; using first/strike match | confidence 0.36 below threshold 0.65,0.0
2026-05-30T21:22:44.260071+00:00,KXBTCD-26MAY3018,KXBTCD-26MAY3018-T81799.99,"Bitcoin price on May 30, 2026?",2026-05-30 6:00 PM EDT,37.3,73877.53,81799.99,above,30m,0.005,0.995,0.1563,0.8437,0.1513,-0.1513,0.3638,NO TRADE,0.505,0.01,0.75,"Lognormal CDF: spot $73,878, strike $81,800, sigma_h=0.0016, P(above)=0.000. | Above contract: model YES = P(above strike) = 0.156. | Fusion weights: strike=40%, rule=20%, ML=30%, OB=10%. | Model YES probability is 15 percentage points above market YES price. | Liquidity is acceptable and spread is within threshold.",multiple prices in title; using first/strike match | confidence 0.36 below threshold 0.65,0.0
2026-05-30T21:22:44.260277+00:00,KXBTCD-26MAY3018,KXBTCD-26MAY3018-T81699.99,"Bitcoin price on May 30, 2026?",2026-05-30 6:00 PM EDT,37.3,73877.53,81699.99,above,30m,0.005,0.995,0.1563,0.8437,0.1513,-0.1513,0.3638,NO TRADE,0.505,0.01,0.75,"Lognormal CDF: spot $73,878, strike $81,700, sigma_h=0.0016, P(above)=0.000. | Above contract: model YES = P(above strike) = 0.156. | Fusion weights: strike=40%, rule=20%, ML=30%, OB=10%. | Model YES probability is 15 percentage points above market YES price. | Liquidity is acceptable and spread is within threshold.",multiple prices in title; using first/strike match | confidence 0.36 below threshold 0.65,0.0
2026-05-30T21:22:44.260480+00:00,KXBTCD-26MAY3018,KXBTCD-26MAY3018-T81599.99,"Bitcoin price on May 30, 2026?",2026-05-30 6:00 PM EDT,37.3,73877.53,81599.99,above,30m,0.005,0.995,0.1563,0.8437,0.1513,-0.1513,0.3638,NO TRADE,0.505,0.01,0.75,"Lognormal CDF: spot $73,878, strike $81,600, sigma_h=0.0016, P(above)=0.000. | Above contract: model YES = P(above strike) = 0.156. | Fusion weights: strike=40%, rule=20%, ML=30%, OB=10%. | Model YES probability is 15 percentage points above market YES price. | Liquidity is acceptable and spread is within threshold.",multiple prices in title; using first/strike match | confidence 0.36 below threshold 0.65,0.0
2026-05-30T21:22:44.260679+00:00,KXBTCD-26MAY3018,KXBTCD-26MAY3018-T81499.99,"Bitcoin price on May 30, 2026?",2026-05-30 6:00 PM EDT,37.3,73877.53,81499.99,above,30m,0.005,0.995,0.1563,0.8437,0.1513,-0.1513,0.3638,NO TRADE,0.505,0.01,0.75,"Lognormal CDF: spot $73,878, strike $81,500, sigma_h=0.0016, P(above)=0.000. | Above contract: model YES = P(above strike) = 0.156. | Fusion weights: strike=40%, rule=20%, ML=30%, OB=10%. | Model YES probability is 15 percentage points above market YES price. | Liquidity is acceptable and spread is within threshold.",multiple prices in title; using first/strike match | confidence 0.36 below threshold 0.65,0.0
2026-05-30T21:22:44.260880+00:00,KXBTCD-26MAY3018,KXBTCD-26MAY3018-T81399.99,"Bitcoin price on May 30, 2026?",2026-05-30 6:00 PM EDT,37.3,73877.53,81399.99,above,30m,0.005,0.995,0.1563,0.8437,0.1513,-0.1513,0.3638,NO TRADE,0.505,0.01,0.75,"Lognormal CDF: spot $73,878, strike $81,400, sigma_h=0.0016, P(above)=0.000. | Above contract: model YES = P(above strike) = 0.156. | Fusion weights: strike=40%, rule=20%, ML=30%, OB=10%. | Model YES probability is 15 percentage points above market YES price. | Liquidity is acceptable and spread is within threshold.",multiple prices in title; using first/strike match | confidence 0.36 below threshold 0.65,0.0
2026-05-30T21:22:44.261084+00:00,KXBTCD-26MAY3018,KXBTCD-26MAY3018-T81299.99,"Bitcoin price on May 30, 2026?",2026-05-30 6:00 PM EDT,37.3,73877.53,81299.99,above,30m,0.005,0.995,0.1563,0.8437,0.1513,-0.1513,0.3638,NO TRADE,0.505,0.01,0.75,"Lognormal CDF: spot $73,878, strike $81,300, sigma_h=0.0016, P(above)=0.000. | Above contract: model YES = P(above strike) = 0.156. | Fusion weights: strike=40%, rule=20%, ML=30%, OB=10%. | Model YES probability is 15 percentage points above market YES price. | Liquidity is acceptable and spread is within threshold.",multiple prices in title; using first/strike match | confidence 0.36 below threshold 0.65,0.0
2026-05-30T21:22:44.261284+00:00,KXBTCD-26MAY3018,KXBTCD-26MAY3018-T81199.99,"Bitcoin price on May 30, 2026?",2026-05-30 6:00 PM EDT,37.3,73877.53,81199.99,above,30m,0.005,0.995,0.1563,0.8437,0.1513,-0.1513,0.3638,NO TRADE,0.505,0.01,0.75,"Lognormal CDF: spot $73,878, strike $81,200, sigma_h=0.0016, P(above)=0.000. | Above contract: model YES = P(above strike) = 0.156. | Fusion weights: strike=40%, rule=20%, ML=30%, OB=10%. | Model YES probability is 15 percentage points above market YES price. | Liquidity is acceptable and spread is within threshold.",multiple prices in title; using first/strike match | confidence 0.36 below threshold 0.65,0.0
2026-05-30T21:22:44.261480+00:00,KXBTCD-26MAY3018,KXBTCD-26MAY3018-T81099.99,"Bitcoin price on May 30, 2026?",2026-05-30 6:00 PM EDT,37.3,73877.53,81099.99,above,30m,0.005,0.995,0.1563,0.8437,0.1513,-0.1513,0.3638,NO TRADE,0.505,0.01,0.75,"Lognormal CDF: spot $73,878, strike $81,100, sigma_h=0.0016, P(above)=0.000. | Above contract: model YES = P(above strike) = 0.156. | Fusion weights: strike=40%, rule=20%, ML=30%, OB=10%. | Model YES probability is 15 percentage points above market YES price. | Liquidity is acceptable and spread is within threshold.",multiple prices in title; using first/strike match | confidence 0.36 below threshold 0.65,0.0
2026-05-30T21:22:44.261681+00:00,KXBTCD-26MAY3018,KXBTCD-26MAY3018-T80999.99,"Bitcoin price on May 30, 2026?",2026-05-30 6:00 PM EDT,37.3,73877.53,80999.99,above,30m,0.005,0.995,0.1563,0.8437,0.1513,-0.1513,0.3638,NO TRADE,0.505,0.01,0.75,"Lognormal CDF: spot $73,878, strike $81,000, sigma_h=0.0016, P(above)=0.000. | Above contract: model YES = P(above strike) = 0.156. | Fusion weights: strike=40%, rule=20%, ML=30%, OB=10%. | Model YES probability is 15 percentage points above market YES price. | Liquidity is acceptable and spread is within threshold.",multiple prices in title; using first/strike match | confidence 0.36 below threshold 0.65,0.0
2026-05-30T21:22:44.261880+00:00,KXBTCD-26MAY3018,KXBTCD-26MAY3018-T80899.99,"Bitcoin price on May 30, 2026?",2026-05-30 6:00 PM EDT,37.3,73877.53,80899.99,above,30m,0.005,0.995,0.1563,0.8437,0.1513,-0.1513,0.3638,NO TRADE,0.505,0.01,0.75,"Lognormal CDF: spot $73,878, strike $80,900, sigma_h=0.0016, P(above)=0.000. | Above contract: model YES = P(above strike) = 0.156. | Fusion weights: strike=40%, rule=20%, ML=30%, OB=10%. | Model YES probability is 15 percentage points above market YES price. | Liquidity is acceptable and spread is within threshold.",multiple prices in title; using first/strike match | confidence 0.36 below threshold 0.65,0.0
2026-05-30T21:22:44.262077+00:00,KXBTCD-26MAY3018,KXBTCD-26MAY3018-T80799.99,"Bitcoin price on May 30, 2026?",2026-05-30 6:00 PM EDT,37.3,73877.53,80799.99,above,30m,0.005,0.995,0.1563,0.8437,0.1513,-0.1513,0.3638,NO TRADE,0.505,0.01,0.75,"Lognormal CDF: spot $73,878, strike $80,800, sigma_h=0.0016, P(above)=0.000. | Above contract: model YES = P(above strike) = 0.156. | Fusion weights: strike=40%, rule=20%, ML=30%, OB=10%. | Model YES probability is 15 percentage points above market YES price. | Liquidity is acceptable and spread is within threshold.",multiple prices in title; using first/strike match | confidence 0.36 below threshold 0.65,0.0
2026-05-30T21:22:44.262275+00:00,KXBTCD-26MAY3018,KXBTCD-26MAY3018-T80699.99,"Bitcoin price on May 30, 2026?",2026-05-30 6:00 PM EDT,37.3,73877.53,80699.99,above,30m,0.005,0.995,0.1563,0.8437,0.1513,-0.1513,0.3638,NO TRADE,0.505,0.01,0.75,"Lognormal CDF: spot $73,878, strike $80,700, sigma_h=0.0016, P(above)=0.000. | Above contract: model YES = P(above strike) = 0.156. | Fusion weights: strike=40%, rule=20%, ML=30%, OB=10%. | Model YES probability is 15 percentage points above market YES price. | Liquidity is acceptable and spread is within threshold.",multiple prices in title; using first/strike match | confidence 0.36 below threshold 0.65,0.0
2026-05-30T21:22:44.262471+00:00,KXBTCD-26MAY3018,KXBTCD-26MAY3018-T80599.99,"Bitcoin price on May 30, 2026?",2026-05-30 6:00 PM EDT,37.3,73877.53,80599.99,above,30m,0.005,0.995,0.1563,0.8437,0.1513,-0.1513,0.3638,NO TRADE,0.505,0.01,0.75,"Lognormal CDF: spot $73,878, strike $80,600, sigma_h=0.0016, P(above)=0.000. | Above contract: model YES = P(above strike) = 0.156. | Fusion weights: strike=40%, rule=20%, ML=30%, OB=10%. | Model YES probability is 15 percentage points above market YES price. | Liquidity is acceptable and spread is within threshold.",multiple prices in title; using first/strike match | confidence 0.36 below threshold 0.65,0.0
2026-05-30T21:22:44.262669+00:00,KXBTCD-26MAY3018,KXBTCD-26MAY3018-T80499.99,"Bitcoin price on May 30, 2026?",2026-05-30 6:00 PM EDT,37.3,73877.53,80499.99,above,30m,0.005,0.995,0.1563,0.8437,0.1513,-0.1513,0.3638,NO TRADE,0.505,0.01,0.75,"Lognormal CDF: spot $73,878, strike $80,500, sigma_h=0.0016, P(above)=0.000. | Above contract: model YES = P(above strike) = 0.156. | Fusion weights: strike=40%, rule=20%, ML=30%, OB=10%. | Model YES probability is 15 percentage points above market YES price. | Liquidity is acceptable and spread is within threshold.",multiple prices in title; using first/strike match | confidence 0.36 below threshold 0.65,0.0
2026-05-30T21:22:44.262872+00:00,KXBTCD-26MAY3018,KXBTCD-26MAY3018-T80399.99,"Bitcoin price on May 30, 2026?",2026-05-30 6:00 PM EDT,37.3,73877.53,80399.99,above,30m,0.005,0.995,0.1563,0.8437,0.1513,-0.1513,0.3638,NO TRADE,0.505,0.01,0.75,"Lognormal CDF: spot $73,878, strike $80,400, sigma_h=0.0016, P(above)=0.000. | Above contract: model YES = P(above strike) = 0.156. | Fusion weights: strike=40%, rule=20%, ML=30%, OB=10%. | Model YES probability is 15 percentage points above market YES price. | Liquidity is acceptable and spread is within threshold.",multiple prices in title; using first/strike match | confidence 0.36 below threshold 0.65,0.0
2026-05-30T21:22:44.263069+00:00,KXBTCD-26MAY3018,KXBTCD-26MAY3018-T80299.99,"Bitcoin price on May 30, 2026?",2026-05-30 6:00 PM EDT,37.3,73877.53,80299.99,above,30m,0.005,0.995,0.1563,0.8437,0.1513,-0.1513,0.3638,NO TRADE,0.505,0.01,0.75,"Lognormal CDF: spot $73,878, strike $80,300, sigma_h=0.0016, P(above)=0.000. | Above contract: model YES = P(above strike) = 0.156. | Fusion weights: strike=40%, rule=20%, ML=30%, OB=10%. | Model YES probability is 15 percentage points above market YES price. | Liquidity is acceptable and spread is within threshold.",multiple prices in title; using first/strike match | confidence 0.36 below threshold 0.65,0.0
2026-05-30T21:22:44.263268+00:00,KXBTCD-26MAY3018,KXBTCD-26MAY3018-T80199.99,"Bitcoin price on May 30, 2026?",2026-05-30 6:00 PM EDT,37.3,73877.53,80199.99,above,30m,0.005,0.995,0.1563,0.8437,0.1513,-0.1513,0.3638,NO TRADE,0.505,0.01,0.75,"Lognormal CDF: spot $73,878, strike $80,200, sigma_h=0.0016, P(above)=0.000. | Above contract: model YES = P(above strike) = 0.156. | Fusion weights: strike=40%, rule=20%, ML=30%, OB=10%. | Model YES probability is 15 percentage points above market YES price. | Liquidity is acceptable and spread is within threshold.",multiple prices in title; using first/strike match | confidence 0.36 below threshold 0.65,0.0
2026-05-30T21:22:44.263472+00:00,KXBTCD-26MAY3018,KXBTCD-26MAY3018-T80099.99,"Bitcoin price on May 30, 2026?",2026-05-30 6:00 PM EDT,37.3,73877.53,80099.99,above,30m,0.005,0.995,0.1563,0.8437,0.1513,-0.1513,0.3638,NO TRADE,0.505,0.01,0.75,"Lognormal CDF: spot $73,878, strike $80,100, sigma_h=0.0016, P(above)=0.000. | Above contract: model YES = P(above strike) = 0.156. | Fusion weights: strike=40%, rule=20%, ML=30%, OB=10%. | Model YES probability is 15 percentage points above market YES price. | Liquidity is acceptable and spread is within threshold.",multiple prices in title; using first/strike match | confidence 0.36 below threshold 0.65,0.0
2026-05-30T21:22:44.263668+00:00,KXBTCD-26MAY3018,KXBTCD-26MAY3018-T79999.99,"Bitcoin price on May 30, 2026?",2026-05-30 6:00 PM EDT,37.3,73877.53,79999.99,above,30m,0.005,0.995,0.1563,0.8437,0.1513,-0.1513,0.3638,NO TRADE,0.505,0.01,0.75,"Lognormal CDF: spot $73,878, strike $80,000, sigma_h=0.0016, P(above)=0.000. | Above contract: model YES = P(above strike) = 0.156. | Fusion weights: strike=40%, rule=20%, ML=30%, OB=10%. | Model YES probability is 15 percentage points above market YES price. | Liquidity is acceptable and spread is within threshold.",multiple prices in title; using first/strike match | confidence 0.36 below threshold 0.65,0.0
2026-05-30T21:22:44.263871+00:00,KXBTCD-26MAY3018,KXBTCD-26MAY3018-T79899.99,"Bitcoin price on May 30, 2026?",2026-05-30 6:00 PM EDT,37.3,73877.53,79899.99,above,30m,0.005,0.995,0.1563,0.8437,0.1513,-0.1513,0.3638,NO TRADE,0.505,0.01,0.75,"Lognormal CDF: spot $73,878, strike $79,900, sigma_h=0.0016, P(above)=0.000. | Above contract: model YES = P(above strike) = 0.156. | Fusion weights: strike=40%, rule=20%, ML=30%, OB=10%. | Model YES probability is 15 percentage points above market YES price. | Liquidity is acceptable and spread is within threshold.",multiple prices in title; using first/strike match | confidence 0.36 below threshold 0.65,0.0
2026-05-30T21:22:44.264067+00:00,KXBTCD-26MAY3018,KXBTCD-26MAY3018-T79799.99,"Bitcoin price on May 30, 2026?",2026-05-30 6:00 PM EDT,37.3,73877.53,79799.99,above,30m,0.005,0.995,0.1563,0.8437,0.1513,-0.1513,0.3638,NO TRADE,0.505,0.01,0.75,"Lognormal CDF: spot $73,878, strike $79,800, sigma_h=0.0016, P(above)=0.000. | Above contract: model YES = P(above strike) = 0.156. | Fusion weights: strike=40%, rule=20%, ML=30%, OB=10%. | Model YES probability is 15 percentage points above market YES price. | Liquidity is acceptable and spread is within threshold.",multiple prices in title; using first/strike match | confidence 0.36 below threshold 0.65,0.0
2026-05-30T21:22:44.264262+00:00,KXBTCD-26MAY3018,KXBTCD-26MAY3018-T79699.99,"Bitcoin price on May 30, 2026?",2026-05-30 6:00 PM EDT,37.3,73877.53,79699.99,above,30m,0.005,0.995,0.1563,0.8437,0.1513,-0.1513,0.3638,NO TRADE,0.505,0.01,0.75,"Lognormal CDF: spot $73,878, strike $79,700, sigma_h=0.0016, P(above)=0.000. | Above contract: model YES = P(above strike) = 0.156. | Fusion weights: strike=40%, rule=20%, ML=30%, OB=10%. | Model YES probability is 15 percentage points above market YES price. | Liquidity is acceptable and spread is within threshold.",multiple prices in title; using first/strike match | confidence 0.36 below threshold 0.65,0.0
2026-05-30T21:22:44.264456+00:00,KXBTCD-26MAY3018,KXBTCD-26MAY3018-T79599.99,"Bitcoin price on May 30, 2026?",2026-05-30 6:00 PM EDT,37.3,73877.53,79599.99,above,30m,0.005,0.995,0.1563,0.8437,0.1513,-0.1513,0.3638,NO TRADE,0.505,0.01,0.75,"Lognormal CDF: spot $73,878, strike $79,600, sigma_h=0.0016, P(above)=0.000. | Above contract: model YES = P(above strike) = 0.156. | Fusion weights: strike=40%, rule=20%, ML=30%, OB=10%. | Model YES probability is 15 percentage points above market YES price. | Liquidity is acceptable and spread is within threshold.",multiple prices in title; using first/strike match | confidence 0.36 below threshold 0.65,0.0
2026-05-30T21:22:44.264654+00:00,KXBTCD-26MAY3018,KXBTCD-26MAY3018-T79499.99,"Bitcoin price on May 30, 2026?",2026-05-30 6:00 PM EDT,37.3,73877.53,79499.99,above,30m,0.005,0.995,0.1563,0.8437,0.1513,-0.1513,0.3638,NO TRADE,0.505,0.01,0.75,"Lognormal CDF: spot $73,878, strike $79,500, sigma_h=0.0016, P(above)=0.000. | Above contract: model YES = P(above strike) = 0.156. | Fusion weights: strike=40%, rule=20%, ML=30%, OB=10%. | Model YES probability is 15 percentage points above market YES price. | Liquidity is acceptable and spread is within threshold.",multiple prices in title; using first/strike match | confidence 0.36 below threshold 0.65,0.0
2026-05-30T21:22:44.264828+00:00,KXBTCD-26MAY3018,KXBTCD-26MAY3018-T79399.99,"Bitcoin price on May 30, 2026?",2026-05-30 6:00 PM EDT,37.3,73877.53,79399.99,above,30m,0.005,0.995,0.1563,0.8437,0.1513,-0.1513,0.3638,NO TRADE,0.505,0.01,0.75,"Lognormal CDF: spot $73,878, strike $79,400, sigma_h=0.0016, P(above)=0.000. | Above contract: model YES = P(above strike) = 0.156. | Fusion weights: strike=40%, rule=20%, ML=30%, OB=10%. | Model YES probability is 15 percentage points above market YES price. | Liquidity is acceptable and spread is within threshold.",multiple prices in title; using first/strike match | confidence 0.36 below threshold 0.65,0.0
2026-05-30T21:22:44.265002+00:00,KXBTCD-26MAY3018,KXBTCD-26MAY3018-T79299.99,"Bitcoin price on May 30, 2026?",2026-05-30 6:00 PM EDT,37.3,73877.53,79299.99,above,30m,0.005,0.995,0.1563,0.8437,0.1513,-0.1513,0.3638,NO TRADE,0.505,0.01,0.75,"Lognormal CDF: spot $73,878, strike $79,300, sigma_h=0.0016, P(above)=0.000. | Above contract: model YES = P(above strike) = 0.156. | Fusion weights: strike=40%, rule=20%, ML=30%, OB=10%. | Model YES probability is 15 percentage points above market YES price. | Liquidity is acceptable and spread is within threshold.",multiple prices in title; using first/strike match | confidence 0.36 below threshold 0.65,0.0
2026-05-30T21:22:44.265178+00:00,KXBTCD-26MAY3018,KXBTCD-26MAY3018-T79199.99,"Bitcoin price on May 30, 2026?",2026-05-30 6:00 PM EDT,37.3,73877.53,79199.99,above,30m,0.005,0.995,0.1563,0.8437,0.1513,-0.1513,0.3638,NO TRADE,0.505,0.01,0.75,"Lognormal CDF: spot $73,878, strike $79,200, sigma_h=0.0016, P(above)=0.000. | Above contract: model YES = P(above strike) = 0.156. | Fusion weights: strike=40%, rule=20%, ML=30%, OB=10%. | Model YES probability is 15 percentage points above market YES price. | Liquidity is acceptable and spread is within threshold.",multiple prices in title; using first/strike match | confidence 0.36 below threshold 0.65,0.0
2026-05-30T21:22:44.265355+00:00,KXBTCD-26MAY3018,KXBTCD-26MAY3018-T79099.99,"Bitcoin price on May 30, 2026?",2026-05-30 6:00 PM EDT,37.3,73877.53,79099.99,above,30m,0.005,0.995,0.1563,0.8437,0.1513,-0.1513,0.3638,NO TRADE,0.505,0.01,0.75,"Lognormal CDF: spot $73,878, strike $79,100, sigma_h=0.0016, P(above)=0.000. | Above contract: model YES = P(above strike) = 0.156. | Fusion weights: strike=40%, rule=20%, ML=30%, OB=10%. | Model YES probability is 15 percentage points above market YES price. | Liquidity is acceptable and spread is within threshold.",multiple prices in title; using first/strike match | confidence 0.36 below threshold 0.65,0.0
2026-05-30T21:22:44.265557+00:00,KXBTCD-26MAY3018,KXBTCD-26MAY3018-T78999.99,"Bitcoin price on May 30, 2026?",2026-05-30 6:00 PM EDT,37.3,73877.53,78999.99,above,30m,0.005,0.995,0.1563,0.8437,0.1513,-0.1513,0.3638,NO TRADE,0.505,0.01,0.75,"Lognormal CDF: spot $73,878, strike $79,000, sigma_h=0.0016, P(above)=0.000. | Above contract: model YES = P(above strike) = 0.156. | Fusion weights: strike=40%, rule=20%, ML=30%, OB=10%. | Model YES probability is 15 percentage points above market YES price. | Liquidity is acceptable and spread is within threshold.",multiple prices in title; using first/strike match | confidence 0.36 below threshold 0.65,0.0
2026-05-30T21:22:44.265947+00:00,KXBTCD-26MAY3018,KXBTCD-26MAY3018-T78899.99,"Bitcoin price on May 30, 2026?",2026-05-30 6:00 PM EDT,37.3,73877.53,78899.99,above,30m,0.005,0.995,0.1563,0.8437,0.1513,-0.1513,0.3638,NO TRADE,0.505,0.01,0.75,"Lognormal CDF: spot $73,878, strike $78,900, sigma_h=0.0016, P(above)=0.000. | Above contract: model YES = P(above strike) = 0.156. | Fusion weights: strike=40%, rule=20%, ML=30%, OB=10%. | Model YES probability is 15 percentage points above market YES price. | Liquidity is acceptable and spread is within threshold.",multiple prices in title; using first/strike match | confidence 0.36 below threshold 0.65,0.0
2026-05-30T21:22:44.266171+00:00,KXBTCD-26MAY3018,KXBTCD-26MAY3018-T78799.99,"Bitcoin price on May 30, 2026?",2026-05-30 6:00 PM EDT,37.3,73877.53,78799.99,above,30m,0.005,0.995,0.1563,0.8437,0.1513,-0.1513,0.3638,NO TRADE,0.505,0.01,0.75,"Lognormal CDF: spot $73,878, strike $78,800, sigma_h=0.0016, P(above)=0.000. | Above contract: model YES = P(above strike) = 0.156. | Fusion weights: strike=40%, rule=20%, ML=30%, OB=10%. | Model YES probability is 15 percentage points above market YES price. | Liquidity is acceptable and spread is within threshold.",multiple prices in title; using first/strike match | confidence 0.36 below threshold 0.65,0.0
2026-05-30T21:22:44.266400+00:00,KXBTCD-26MAY3018,KXBTCD-26MAY3018-T78699.99,"Bitcoin price on May 30, 2026?",2026-05-30 6:00 PM EDT,37.3,73877.53,78699.99,above,30m,0.005,0.995,0.1563,0.8437,0.1513,-0.1513,0.3638,NO TRADE,0.505,0.01,0.75,"Lognormal CDF: spot $73,878, strike $78,700, sigma_h=0.0016, P(above)=0.000. | Above contract: model YES = P(above strike) = 0.156. | Fusion weights: strike=40%, rule=20%, ML=30%, OB=10%. | Model YES probability is 15 percentage points above market YES price. | Liquidity is acceptable and spread is within threshold.",multiple prices in title; using first/strike match | confidence 0.36 below threshold 0.65,0.0
2026-05-30T21:22:44.266596+00:00,KXBTCD-26MAY3018,KXBTCD-26MAY3018-T78599.99,"Bitcoin price on May 30, 2026?",2026-05-30 6:00 PM EDT,37.3,73877.53,78599.99,above,30m,0.005,0.995,0.1563,0.8437,0.1513,-0.1513,0.3638,NO TRADE,0.505,0.01,0.75,"Lognormal CDF: spot $73,878, strike $78,600, sigma_h=0.0016, P(above)=0.000. | Above contract: model YES = P(above strike) = 0.156. | Fusion weights: strike=40%, rule=20%, ML=30%, OB=10%. | Model YES probability is 15 percentage points above market YES price. | Liquidity is acceptable and spread is within threshold.",multiple prices in title; using first/strike match | confidence 0.36 below threshold 0.65,0.0
2026-05-30T21:22:44.266782+00:00,KXBTCD-26MAY3018,KXBTCD-26MAY3018-T78499.99,"Bitcoin price on May 30, 2026?",2026-05-30 6:00 PM EDT,37.3,73877.53,78499.99,above,30m,0.005,0.995,0.1563,0.8437,0.1513,-0.1513,0.3638,NO TRADE,0.505,0.01,0.75,"Lognormal CDF: spot $73,878, strike $78,500, sigma_h=0.0016, P(above)=0.000. | Above contract: model YES = P(above strike) = 0.156. | Fusion weights: strike=40%, rule=20%, ML=30%, OB=10%. | Model YES probability is 15 percentage points above market YES price. | Liquidity is acceptable and spread is within threshold.",multiple prices in title; using first/strike match | confidence 0.36 below threshold 0.65,0.0
2026-05-30T21:22:44.266966+00:00,KXBTCD-26MAY3018,KXBTCD-26MAY3018-T78399.99,"Bitcoin price on May 30, 2026?",2026-05-30 6:00 PM EDT,37.3,73877.53,78399.99,above,30m,0.005,0.995,0.1563,0.8437,0.1513,-0.1513,0.3638,NO TRADE,0.505,0.01,0.75,"Lognormal CDF: spot $73,878, strike $78,400, sigma_h=0.0016, P(above)=0.000. | Above contract: model YES = P(above strike) = 0.156. | Fusion weights: strike=40%, rule=20%, ML=30%, OB=10%. | Model YES probability is 15 percentage points above market YES price. | Liquidity is acceptable and spread is within threshold.",multiple prices in title; using first/strike match | confidence 0.36 below threshold 0.65,0.0
2026-05-30T21:22:44.267150+00:00,KXBTCD-26MAY3018,KXBTCD-26MAY3018-T78299.99,"Bitcoin price on May 30, 2026?",2026-05-30 6:00 PM EDT,37.3,73877.53,78299.99,above,30m,0.005,0.995,0.1563,0.8437,0.1513,-0.1513,0.3638,NO TRADE,0.505,0.01,0.75,"Lognormal CDF: spot $73,878, strike $78,300, sigma_h=0.0016, P(above)=0.000. | Above contract: model YES = P(above strike) = 0.156. | Fusion weights: strike=40%, rule=20%, ML=30%, OB=10%. | Model YES probability is 15 percentage points above market YES price. | Liquidity is acceptable and spread is within threshold.",multiple prices in title; using first/strike match | confidence 0.36 below threshold 0.65,0.0
2026-05-30T21:22:44.267339+00:00,KXBTCD-26MAY3018,KXBTCD-26MAY3018-T78199.99,"Bitcoin price on May 30, 2026?",2026-05-30 6:00 PM EDT,37.3,73877.53,78199.99,above,30m,0.005,0.995,0.1563,0.8437,0.1513,-0.1513,0.3638,NO TRADE,0.505,0.01,0.75,"Lognormal CDF: spot $73,878, strike $78,200, sigma_h=0.0016, P(above)=0.000. | Above contract: model YES = P(above strike) = 0.156. | Fusion weights: strike=40%, rule=20%, ML=30%, OB=10%. | Model YES probability is 15 percentage points above market YES price. | Liquidity is acceptable and spread is within threshold.",multiple prices in title; using first/strike match | confidence 0.36 below threshold 0.65,0.0
2026-05-30T21:22:44.267519+00:00,KXBTCD-26MAY3018,KXBTCD-26MAY3018-T78099.99,"Bitcoin price on May 30, 2026?",2026-05-30 6:00 PM EDT,37.3,73877.53,78099.99,above,30m,0.005,0.995,0.1563,0.8437,0.1513,-0.1513,0.3638,NO TRADE,0.505,0.01,0.75,"Lognormal CDF: spot $73,878, strike $78,100, sigma_h=0.0016, P(above)=0.000. | Above contract: model YES = P(above strike) = 0.156. | Fusion weights: strike=40%, rule=20%, ML=30%, OB=10%. | Model YES probability is 15 percentage points above market YES price. | Liquidity is acceptable and spread is within threshold.",multiple prices in title; using first/strike match | confidence 0.36 below threshold 0.65,0.0
2026-05-30T21:22:44.267698+00:00,KXBTCD-26MAY3018,KXBTCD-26MAY3018-T77999.99,"Bitcoin price on May 30, 2026?",2026-05-30 6:00 PM EDT,37.3,73877.53,77999.99,above,30m,0.005,0.995,0.1563,0.8437,0.1513,-0.1513,0.3638,NO TRADE,0.505,0.01,0.75,"Lognormal CDF: spot $73,878, strike $78,000, sigma_h=0.0016, P(above)=0.000. | Above contract: model YES = P(above strike) = 0.156. | Fusion weights: strike=40%, rule=20%, ML=30%, OB=10%. | Model YES probability is 15 percentage points above market YES price. | Liquidity is acceptable and spread is within threshold.",multiple prices in title; using first/strike match | confidence 0.36 below threshold 0.65,0.0
2026-05-30T21:22:44.267874+00:00,KXBTCD-26MAY3018,KXBTCD-26MAY3018-T77899.99,"Bitcoin price on May 30, 2026?",2026-05-30 6:00 PM EDT,37.3,73877.53,77899.99,above,30m,0.005,0.995,0.1563,0.8437,0.1513,-0.1513,0.3638,NO TRADE,0.505,0.01,0.75,"Lognormal CDF: spot $73,878, strike $77,900, sigma_h=0.0016, P(above)=0.000. | Above contract: model YES = P(above strike) = 0.156. | Fusion weights: strike=40%, rule=20%, ML=30%, OB=10%. | Model YES probability is 15 percentage points above market YES price. | Liquidity is acceptable and spread is within threshold.",multiple prices in title; using first/strike match | confidence 0.36 below threshold 0.65,0.0
2026-05-30T21:22:44.268051+00:00,KXBTCD-26MAY3018,KXBTCD-26MAY3018-T77799.99,"Bitcoin price on May 30, 2026?",2026-05-30 6:00 PM EDT,37.3,73877.53,77799.99,above,30m,0.005,0.995,0.1563,0.8437,0.1513,-0.1513,0.3638,NO TRADE,0.505,0.01,0.75,"Lognormal CDF: spot $73,878, strike $77,800, sigma_h=0.0016, P(above)=0.000. | Above contract: model YES = P(above strike) = 0.156. | Fusion weights: strike=40%, rule=20%, ML=30%, OB=10%. | Model YES probability is 15 percentage points above market YES price. | Liquidity is acceptable and spread is within threshold.",multiple prices in title; using first/strike match | confidence 0.36 below threshold 0.65,0.0
2026-05-30T21:22:44.268226+00:00,KXBTCD-26MAY3018,KXBTCD-26MAY3018-T77699.99,"Bitcoin price on May 30, 2026?",2026-05-30 6:00 PM EDT,37.3,73877.53,77699.99,above,30m,0.005,0.995,0.1563,0.8437,0.1513,-0.1513,0.3638,NO TRADE,0.505,0.01,0.75,"Lognormal CDF: spot $73,878, strike $77,700, sigma_h=0.0016, P(above)=0.000. | Above contract: model YES = P(above strike) = 0.156. | Fusion weights: strike=40%, rule=20%, ML=30%, OB=10%. | Model YES probability is 15 percentage points above market YES price. | Liquidity is acceptable and spread is within threshold.",multiple prices in title; using first/strike match | confidence 0.36 below threshold 0.65,0.0
2026-05-30T21:22:44.268406+00:00,KXBTCD-26MAY3018,KXBTCD-26MAY3018-T77599.99,"Bitcoin price on May 30, 2026?",2026-05-30 6:00 PM EDT,37.3,73877.53,77599.99,above,30m,0.005,0.995,0.1563,0.8437,0.1513,-0.1513,0.3703,NO TRADE,0.6835,0.01,0.75,"Lognormal CDF: spot $73,878, strike $77,600, sigma_h=0.0016, P(above)=0.000. | Above contract: model YES = P(above strike) = 0.156. | Fusion weights: strike=40%, rule=20%, ML=30%, OB=10%. | Model YES probability is 15 percentage points above market YES price. | Liquidity is acceptable and spread is within threshold.",multiple prices in title; using first/strike match | confidence 0.37 below threshold 0.65,0.0
2026-05-30T21:22:44.268590+00:00,KXBTCD-26MAY3018,KXBTCD-26MAY3018-T77499.99,"Bitcoin price on May 30, 2026?",2026-05-30 6:00 PM EDT,37.3,73877.53,77499.99,above,30m,0.005,0.995,0.1563,0.8437,0.1513,-0.1513,0.3638,NO TRADE,0.505,0.01,0.75,"Lognormal CDF: spot $73,878, strike $77,500, sigma_h=0.0016, P(above)=0.000. | Above contract: model YES = P(above strike) = 0.156. | Fusion weights: strike=40%, rule=20%, ML=30%, OB=10%. | Model YES probability is 15 percentage points above market YES price. | Liquidity is acceptable and spread is within threshold.",multiple prices in title; using first/strike match | confidence 0.36 below threshold 0.65,0.0
2026-05-30T21:22:44.268770+00:00,KXBTCD-26MAY3018,KXBTCD-26MAY3018-T77399.99,"Bitcoin price on May 30, 2026?",2026-05-30 6:00 PM EDT,37.3,73877.53,77399.99,above,30m,0.005,0.995,0.1563,0.8437,0.1513,-0.1513,0.3638,NO TRADE,0.505,0.01,0.75,"Lognormal CDF: spot $73,878, strike $77,400, sigma_h=0.0016, P(above)=0.000. | Above contract: model YES = P(above strike) = 0.156. | Fusion weights: strike=40%, rule=20%, ML=30%, OB=10%. | Model YES probability is 15 percentage points above market YES price. | Liquidity is acceptable and spread is within threshold.",multiple prices in title; using first/strike match | confidence 0.36 below threshold 0.65,0.0
2026-05-30T21:22:44.268952+00:00,KXBTCD-26MAY3018,KXBTCD-26MAY3018-T77299.99,"Bitcoin price on May 30, 2026?",2026-05-30 6:00 PM EDT,37.3,73877.53,77299.99,above,30m,0.005,0.995,0.1563,0.8437,0.1513,-0.1513,0.3638,NO TRADE,0.505,0.01,0.75,"Lognormal CDF: spot $73,878, strike $77,300, sigma_h=0.0016, P(above)=0.000. | Above contract: model YES = P(above strike) = 0.156. | Fusion weights: strike=40%, rule=20%, ML=30%, OB=10%. | Model YES probability is 15 percentage points above market YES price. | Liquidity is acceptable and spread is within threshold.",multiple prices in title; using first/strike match | confidence 0.36 below threshold 0.65,0.0
2026-05-30T21:22:44.269129+00:00,KXBTCD-26MAY3018,KXBTCD-26MAY3018-T77199.99,"Bitcoin price on May 30, 2026?",2026-05-30 6:00 PM EDT,37.3,73877.53,77199.99,above,30m,0.005,0.995,0.1563,0.8437,0.1513,-0.1513,0.3638,NO TRADE,0.505,0.01,0.75,"Lognormal CDF: spot $73,878, strike $77,200, sigma_h=0.0016, P(above)=0.000. | Above contract: model YES = P(above strike) = 0.156. | Fusion weights: strike=40%, rule=20%, ML=30%, OB=10%. | Model YES probability is 15 percentage points above market YES price. | Liquidity is acceptable and spread is within threshold.",multiple prices in title; using first/strike match | confidence 0.36 below threshold 0.65,0.0
2026-05-30T21:22:44.269320+00:00,KXBTCD-26MAY3018,KXBTCD-26MAY3018-T77099.99,"Bitcoin price on May 30, 2026?",2026-05-30 6:00 PM EDT,37.3,73877.53,77099.99,above,30m,0.005,0.995,0.1563,0.8437,0.1513,-0.1513,0.3638,NO TRADE,0.505,0.01,0.75,"Lognormal CDF: spot $73,878, strike $77,100, sigma_h=0.0016, P(above)=0.000. | Above contract: model YES = P(above strike) = 0.156. | Fusion weights: strike=40%, rule=20%, ML=30%, OB=10%. | Model YES probability is 15 percentage points above market YES price. | Liquidity is acceptable and spread is within threshold.",multiple prices in title; using first/strike match | confidence 0.36 below threshold 0.65,0.0
2026-05-30T21:22:44.269500+00:00,KXBTCD-26MAY3018,KXBTCD-26MAY3018-T76999.99,"Bitcoin price on May 30, 2026?",2026-05-30 6:00 PM EDT,37.3,73877.53,76999.99,above,30m,0.005,0.995,0.1563,0.8437,0.1513,-0.1513,0.3638,NO TRADE,0.505,0.01,0.75,"Lognormal CDF: spot $73,878, strike $77,000, sigma_h=0.0016, P(above)=0.000. | Above contract: model YES = P(above strike) = 0.156. | Fusion weights: strike=40%, rule=20%, ML=30%, OB=10%. | Model YES probability is 15 percentage points above market YES price. | Liquidity is acceptable and spread is within threshold.",multiple prices in title; using first/strike match | confidence 0.36 below threshold 0.65,0.0
2026-05-30T21:22:44.269679+00:00,KXBTCD-26MAY3018,KXBTCD-26MAY3018-T76899.99,"Bitcoin price on May 30, 2026?",2026-05-30 6:00 PM EDT,37.3,73877.53,76899.99,above,30m,0.005,0.995,0.1563,0.8437,0.1513,-0.1513,0.3638,NO TRADE,0.505,0.01,0.75,"Lognormal CDF: spot $73,878, strike $76,900, sigma_h=0.0016, P(above)=0.000. | Above contract: model YES = P(above strike) = 0.156. | Fusion weights: strike=40%, rule=20%, ML=30%, OB=10%. | Model YES probability is 15 percentage points above market YES price. | Liquidity is acceptable and spread is within threshold.",multiple prices in title; using first/strike match | confidence 0.36 below threshold 0.65,0.0
2026-05-30T21:22:44.269859+00:00,KXBTCD-26MAY3018,KXBTCD-26MAY3018-T76799.99,"Bitcoin price on May 30, 2026?",2026-05-30 6:00 PM EDT,37.3,73877.53,76799.99,above,30m,0.005,0.995,0.1563,0.8437,0.1513,-0.1513,0.3638,NO TRADE,0.505,0.01,0.75,"Lognormal CDF: spot $73,878, strike $76,800, sigma_h=0.0016, P(above)=0.000. | Above contract: model YES = P(above strike) = 0.156. | Fusion weights: strike=40%, rule=20%, ML=30%, OB=10%. | Model YES probability is 15 percentage points above market YES price. | Liquidity is acceptable and spread is within threshold.",multiple prices in title; using first/strike match | confidence 0.36 below threshold 0.65,0.0
2026-05-30T21:22:44.270038+00:00,KXBTCD-26MAY3018,KXBTCD-26MAY3018-T76699.99,"Bitcoin price on May 30, 2026?",2026-05-30 6:00 PM EDT,37.3,73877.53,76699.99,above,30m,0.005,0.995,0.1563,0.8437,0.1513,-0.1513,0.3638,NO TRADE,0.505,0.01,0.75,"Lognormal CDF: spot $73,878, strike $76,700, sigma_h=0.0016, P(above)=0.000. | Above contract: model YES = P(above strike) = 0.156. | Fusion weights: strike=40%, rule=20%, ML=30%, OB=10%. | Model YES probability is 15 percentage points above market YES price. | Liquidity is acceptable and spread is within threshold.",multiple prices in title; using first/strike match | confidence 0.36 below threshold 0.65,0.0
2026-05-30T21:22:44.270217+00:00,KXBTCD-26MAY3018,KXBTCD-26MAY3018-T76599.99,"Bitcoin price on May 30, 2026?",2026-05-30 6:00 PM EDT,37.3,73877.53,76599.99,above,30m,0.005,0.995,0.1563,0.8437,0.1513,-0.1513,0.3638,NO TRADE,0.505,0.01,0.75,"Lognormal CDF: spot $73,878, strike $76,600, sigma_h=0.0016, P(above)=0.000. | Above contract: model YES = P(above strike) = 0.156. | Fusion weights: strike=40%, rule=20%, ML=30%, OB=10%. | Model YES probability is 15 percentage points above market YES price. | Liquidity is acceptable and spread is within threshold.",multiple prices in title; using first/strike match | confidence 0.36 below threshold 0.65,0.0
2026-05-30T21:22:44.270395+00:00,KXBTCD-26MAY3018,KXBTCD-26MAY3018-T76499.99,"Bitcoin price on May 30, 2026?",2026-05-30 6:00 PM EDT,37.3,73877.53,76499.99,above,30m,0.005,0.995,0.1563,0.8437,0.1513,-0.1513,0.3638,NO TRADE,0.505,0.01,0.75,"Lognormal CDF: spot $73,878, strike $76,500, sigma_h=0.0016, P(above)=0.000. | Above contract: model YES = P(above strike) = 0.156. | Fusion weights: strike=40%, rule=20%, ML=30%, OB=10%. | Model YES probability is 15 percentage points above market YES price. | Liquidity is acceptable and spread is within threshold.",multiple prices in title; using first/strike match | confidence 0.36 below threshold 0.65,0.0
2026-05-30T21:22:44.270576+00:00,KXBTCD-26MAY3018,KXBTCD-26MAY3018-T76399.99,"Bitcoin price on May 30, 2026?",2026-05-30 6:00 PM EDT,37.3,73877.53,76399.99,above,30m,0.005,0.995,0.1563,0.8437,0.1513,-0.1513,0.3638,NO TRADE,0.505,0.01,0.75,"Lognormal CDF: spot $73,878, strike $76,400, sigma_h=0.0016, P(above)=0.000. | Above contract: model YES = P(above strike) = 0.156. | Fusion weights: strike=40%, rule=20%, ML=30%, OB=10%. | Model YES probability is 15 percentage points above market YES price. | Liquidity is acceptable and spread is within threshold.",multiple prices in title; using first/strike match | confidence 0.36 below threshold 0.65,0.0
2026-05-30T21:22:44.270738+00:00,KXBTCD-26MAY3018,KXBTCD-26MAY3018-T76299.99,"Bitcoin price on May 30, 2026?",2026-05-30 6:00 PM EDT,37.3,73877.53,76299.99,above,30m,0.005,0.995,0.1563,0.8437,0.1513,-0.1513,0.3638,NO TRADE,0.505,0.01,0.75,"Lognormal CDF: spot $73,878, strike $76,300, sigma_h=0.0016, P(above)=0.000. | Above contract: model YES = P(above strike) = 0.156. | Fusion weights: strike=40%, rule=20%, ML=30%, OB=10%. | Model YES probability is 15 percentage points above market YES price. | Liquidity is acceptable and spread is within threshold.",multiple prices in title; using first/strike match | confidence 0.36 below threshold 0.65,0.0
2026-05-30T21:22:44.270901+00:00,KXBTCD-26MAY3018,KXBTCD-26MAY3018-T76199.99,"Bitcoin price on May 30, 2026?",2026-05-30 6:00 PM EDT,37.3,73877.53,76199.99,above,30m,0.005,0.995,0.1563,0.8437,0.1513,-0.1513,0.3638,NO TRADE,0.505,0.01,0.75,"Lognormal CDF: spot $73,878, strike $76,200, sigma_h=0.0016, P(above)=0.000. | Above contract: model YES = P(above strike) = 0.156. | Fusion weights: strike=40%, rule=20%, ML=30%, OB=10%. | Model YES probability is 15 percentage points above market YES price. | Liquidity is acceptable and spread is within threshold.",multiple prices in title; using first/strike match | confidence 0.36 below threshold 0.65,0.0
2026-05-30T21:22:44.271061+00:00,KXBTCD-26MAY3018,KXBTCD-26MAY3018-T76099.99,"Bitcoin price on May 30, 2026?",2026-05-30 6:00 PM EDT,37.3,73877.53,76099.99,above,30m,0.005,0.995,0.1563,0.8437,0.1513,-0.1513,0.3638,NO TRADE,0.505,0.01,0.75,"Lognormal CDF: spot $73,878, strike $76,100, sigma_h=0.0016, P(above)=0.000. | Above contract: model YES = P(above strike) = 0.156. | Fusion weights: strike=40%, rule=20%, ML=30%, OB=10%. | Model YES probability is 15 percentage points above market YES price. | Liquidity is acceptable and spread is within threshold.",multiple prices in title; using first/strike match | confidence 0.36 below threshold 0.65,0.0
2026-05-30T21:22:44.271226+00:00,KXBTCD-26MAY3018,KXBTCD-26MAY3018-T75999.99,"Bitcoin price on May 30, 2026?",2026-05-30 6:00 PM EDT,37.3,73877.53,75999.99,above,30m,0.005,0.995,0.1563,0.8437,0.1513,-0.1513,0.3638,NO TRADE,0.505,0.01,0.75,"Lognormal CDF: spot $73,878, strike $76,000, sigma_h=0.0016, P(above)=0.000. | Above contract: model YES = P(above strike) = 0.156. | Fusion weights: strike=40%, rule=20%, ML=30%, OB=10%. | Model YES probability is 15 percentage points above market YES price. | Liquidity is acceptable and spread is within threshold.",multiple prices in title; using first/strike match | confidence 0.36 below threshold 0.65,0.0
2026-05-30T21:22:44.271386+00:00,KXBTCD-26MAY3018,KXBTCD-26MAY3018-T75899.99,"Bitcoin price on May 30, 2026?",2026-05-30 6:00 PM EDT,37.3,73877.53,75899.99,above,30m,0.005,0.995,0.1563,0.8437,0.1513,-0.1513,0.3638,NO TRADE,0.505,0.01,0.75,"Lognormal CDF: spot $73,878, strike $75,900, sigma_h=0.0016, P(above)=0.000. | Above contract: model YES = P(above strike) = 0.156. | Fusion weights: strike=40%, rule=20%, ML=30%, OB=10%. | Model YES probability is 15 percentage points above market YES price. | Liquidity is acceptable and spread is within threshold.",multiple prices in title; using first/strike match | confidence 0.36 below threshold 0.65,0.0
2026-05-30T21:22:44.271546+00:00,KXBTCD-26MAY3018,KXBTCD-26MAY3018-T75799.99,"Bitcoin price on May 30, 2026?",2026-05-30 6:00 PM EDT,37.3,73877.53,75799.99,above,30m,0.005,0.995,0.1563,0.8437,0.1513,-0.1513,0.3638,NO TRADE,0.505,0.01,0.75,"Lognormal CDF: spot $73,878, strike $75,800, sigma_h=0.0016, P(above)=0.000. | Above contract: model YES = P(above strike) = 0.156. | Fusion weights: strike=40%, rule=20%, ML=30%, OB=10%. | Model YES probability is 15 percentage points above market YES price. | Liquidity is acceptable and spread is within threshold.",multiple prices in title; using first/strike match | confidence 0.36 below threshold 0.65,0.0
2026-05-30T21:22:44.271707+00:00,KXBTCD-26MAY3018,KXBTCD-26MAY3018-T75699.99,"Bitcoin price on May 30, 2026?",2026-05-30 6:00 PM EDT,37.3,73877.53,75699.99,above,30m,0.005,0.995,0.1563,0.8437,0.1513,-0.1513,0.3638,NO TRADE,0.505,0.01,0.75,"Lognormal CDF: spot $73,878, strike $75,700, sigma_h=0.0016, P(above)=0.000. | Above contract: model YES = P(above strike) = 0.156. | Fusion weights: strike=40%, rule=20%, ML=30%, OB=10%. | Model YES probability is 15 percentage points above market YES price. | Liquidity is acceptable and spread is within threshold.",multiple prices in title; using first/strike match | confidence 0.36 below threshold 0.65,0.0
2026-05-30T21:22:44.271869+00:00,KXBTCD-26MAY3018,KXBTCD-26MAY3018-T75599.99,"Bitcoin price on May 30, 2026?",2026-05-30 6:00 PM EDT,37.3,73877.53,75599.99,above,30m,0.005,0.995,0.1563,0.8437,0.1513,-0.1513,0.3638,NO TRADE,0.505,0.01,0.75,"Lognormal CDF: spot $73,878, strike $75,600, sigma_h=0.0016, P(above)=0.000. | Above contract: model YES = P(above strike) = 0.156. | Fusion weights: strike=40%, rule=20%, ML=30%, OB=10%. | Model YES probability is 15 percentage points above market YES price. | Liquidity is acceptable and spread is within threshold.",multiple prices in title; using first/strike match | confidence 0.36 below threshold 0.65,0.0
2026-05-30T21:22:44.272038+00:00,KXBTCD-26MAY3018,KXBTCD-26MAY3018-T75499.99,"Bitcoin price on May 30, 2026?",2026-05-30 6:00 PM EDT,37.3,73877.53,75499.99,above,30m,0.005,0.995,0.1563,0.8437,0.1513,-0.1513,0.3713,NO TRADE,0.7123,0.01,0.75,"Lognormal CDF: spot $73,878, strike $75,500, sigma_h=0.0016, P(above)=0.000. | Above contract: model YES = P(above strike) = 0.156. | Fusion weights: strike=40%, rule=20%, ML=30%, OB=10%. | Model YES probability is 15 percentage points above market YES price. | Liquidity is acceptable and spread is within threshold.",multiple prices in title; using first/strike match | confidence 0.37 below threshold 0.65,0.0
2026-05-30T21:22:44.272202+00:00,KXBTCD-26MAY3018,KXBTCD-26MAY3018-T75399.99,"Bitcoin price on May 30, 2026?",2026-05-30 6:00 PM EDT,37.3,73877.53,75399.99,above,30m,0.005,0.995,0.1563,0.8437,0.1513,-0.1513,0.3638,NO TRADE,0.505,0.01,0.75,"Lognormal CDF: spot $73,878, strike $75,400, sigma_h=0.0016, P(above)=0.000. | Above contract: model YES = P(above strike) = 0.156. | Fusion weights: strike=40%, rule=20%, ML=30%, OB=10%. | Model YES probability is 15 percentage points above market YES price. | Liquidity is acceptable and spread is within threshold.",multiple prices in title; using first/strike match | confidence 0.36 below threshold 0.65,0.0
2026-05-30T21:22:44.272376+00:00,KXBTCD-26MAY3018,KXBTCD-26MAY3018-T75299.99,"Bitcoin price on May 30, 2026?",2026-05-30 6:00 PM EDT,37.3,73877.53,75299.99,above,30m,0.005,0.995,0.1731,0.8269,0.1681,-0.1681,0.3638,NO TRADE,0.505,0.01,0.75,"Strike within 2% of spot; blended CDF (0.000) with directional (0.173). | Above contract: model YES = P(above strike) = 0.173. | Fusion weights: strike=40%, rule=20%, ML=30%, OB=10%. | Model YES probability is 17 percentage points above market YES price. | Liquidity is acceptable and spread is within threshold.",multiple prices in title; using first/strike match | confidence 0.36 below threshold 0.65,0.0
2026-05-30T21:22:44.272539+00:00,KXBTCD-26MAY3018,KXBTCD-26MAY3018-T75199.99,"Bitcoin price on May 30, 2026?",2026-05-30 6:00 PM EDT,37.3,73877.53,75199.99,above,30m,0.005,0.995,0.1731,0.8269,0.1681,-0.1681,0.3638,NO TRADE,0.505,0.01,0.75,"Strike within 2% of spot; blended CDF (0.000) with directional (0.173). | Above contract: model YES = P(above strike) = 0.173. | Fusion weights: strike=40%, rule=20%, ML=30%, OB=10%. | Model YES probability is 17 percentage points above market YES price. | Liquidity is acceptable and spread is within threshold.",multiple prices in title; using first/strike match | confidence 0.36 below threshold 0.65,0.0
2026-05-30T21:22:44.272703+00:00,KXBTCD-26MAY3018,KXBTCD-26MAY3018-T75099.99,"Bitcoin price on May 30, 2026?",2026-05-30 6:00 PM EDT,37.3,73877.53,75099.99,above,30m,0.005,0.995,0.1731,0.8269,0.1681,-0.1681,0.3638,NO TRADE,0.505,0.01,0.75,"Strike within 2% of spot; blended CDF (0.000) with directional (0.173). | Above contract: model YES = P(above strike) = 0.173. | Fusion weights: strike=40%, rule=20%, ML=30%, OB=10%. | Model YES probability is 17 percentage points above market YES price. | Liquidity is acceptable and spread is within threshold.",multiple prices in title; using first/strike match | confidence 0.36 below threshold 0.65,0.0
2026-05-30T21:22:44.272864+00:00,KXBTCD-26MAY3018,KXBTCD-26MAY3018-T74999.99,"Bitcoin price on May 30, 2026?",2026-05-30 6:00 PM EDT,37.3,73877.53,74999.99,above,30m,0.005,0.995,0.1731,0.8269,0.1681,-0.1681,0.3638,NO TRADE,0.505,0.01,0.75,"Strike within 2% of spot; blended CDF (0.000) with directional (0.173). | Above contract: model YES = P(above strike) = 0.173. | Fusion weights: strike=40%, rule=20%, ML=30%, OB=10%. | Model YES probability is 17 percentage points above market YES price. | Liquidity is acceptable and spread is within threshold.",multiple prices in title; using first/strike match | confidence 0.36 below threshold 0.65,0.0
2026-05-30T21:22:44.273110+00:00,KXBTCD-26MAY3018,KXBTCD-26MAY3018-T74899.99,"Bitcoin price on May 30, 2026?",2026-05-30 6:00 PM EDT,37.3,73877.53,74899.99,above,30m,0.005,0.995,0.1731,0.8269,0.1681,-0.1681,0.3638,NO TRADE,0.505,0.01,0.75,"Strike within 2% of spot; blended CDF (0.000) with directional (0.173). | Above contract: model YES = P(above strike) = 0.173. | Fusion weights: strike=40%, rule=20%, ML=30%, OB=10%. | Model YES probability is 17 percentage points above market YES price. | Liquidity is acceptable and spread is within threshold.",multiple prices in title; using first/strike match | confidence 0.36 below threshold 0.65,0.0
2026-05-30T21:22:44.273286+00:00,KXBTCD-26MAY3018,KXBTCD-26MAY3018-T74799.99,"Bitcoin price on May 30, 2026?",2026-05-30 6:00 PM EDT,37.3,73877.53,74799.99,above,30m,0.005,0.995,0.1731,0.8269,0.1681,-0.1681,0.3638,NO TRADE,0.505,0.01,0.75,"Strike within 2% of spot; blended CDF (0.000) with directional (0.173). | Above contract: model YES = P(above strike) = 0.173. | Fusion weights: strike=40%, rule=20%, ML=30%, OB=10%. | Model YES probability is 17 percentage points above market YES price. | Liquidity is acceptable and spread is within threshold.",multiple prices in title; using first/strike match | confidence 0.36 below threshold 0.65,0.0
2026-05-30T21:22:44.273453+00:00,KXBTCD-26MAY3018,KXBTCD-26MAY3018-T74699.99,"Bitcoin price on May 30, 2026?",2026-05-30 6:00 PM EDT,37.3,73877.53,74699.99,above,30m,0.005,0.995,0.1731,0.8269,0.1681,-0.1681,0.3638,NO TRADE,0.505,0.01,0.75,"Strike within 2% of spot; blended CDF (0.000) with directional (0.173). | Above contract: model YES = P(above strike) = 0.173. | Fusion weights: strike=40%, rule=20%, ML=30%, OB=10%. | Model YES probability is 17 percentage points above market YES price. | Liquidity is acceptable and spread is within threshold.",multiple prices in title; using first/strike match | confidence 0.36 below threshold 0.65,0.0
2026-05-30T21:22:44.273618+00:00,KXBTCD-26MAY3018,KXBTCD-26MAY3018-T74599.99,"Bitcoin price on May 30, 2026?",2026-05-30 6:00 PM EDT,37.3,73877.53,74599.99,above,30m,0.005,0.995,0.1731,0.8269,0.1681,-0.1681,0.3638,NO TRADE,0.505,0.01,0.75,"Strike within 2% of spot; blended CDF (0.000) with directional (0.173). | Above contract: model YES = P(above strike) = 0.173. | Fusion weights: strike=40%, rule=20%, ML=30%, OB=10%. | Model YES probability is 17 percentage points above market YES price. | Liquidity is acceptable and spread is within threshold.",multiple prices in title; using first/strike match | confidence 0.36 below threshold 0.65,0.0
2026-05-30T21:22:44.273784+00:00,KXBTCD-26MAY3018,KXBTCD-26MAY3018-T74499.99,"Bitcoin price on May 30, 2026?",2026-05-30 6:00 PM EDT,37.3,73877.53,74499.99,above,30m,0.005,0.995,0.1731,0.8269,0.1681,-0.1681,0.3638,NO TRADE,0.505,0.01,0.75,"Strike within 2% of spot; blended CDF (0.000) with directional (0.173). | Above contract: model YES = P(above strike) = 0.173. | Fusion weights: strike=40%, rule=20%, ML=30%, OB=10%. | Model YES probability is 17 percentage points above market YES price. | Liquidity is acceptable and spread is within threshold.",multiple prices in title; using first/strike match | confidence 0.36 below threshold 0.65,0.0
2026-05-30T21:22:44.273948+00:00,KXBTCD-26MAY3018,KXBTCD-26MAY3018-T74399.99,"Bitcoin price on May 30, 2026?",2026-05-30 6:00 PM EDT,37.3,73877.53,74399.99,above,30m,0.005,0.995,0.1731,0.8269,0.1681,-0.1681,0.376,NO TRADE,0.84,0.01,0.75,"Strike within 2% of spot; blended CDF (0.000) with directional (0.173). | Above contract: model YES = P(above strike) = 0.173. | Fusion weights: strike=40%, rule=20%, ML=30%, OB=10%. | Model YES probability is 17 percentage points above market YES price. | Liquidity is acceptable and spread is within threshold.",multiple prices in title; using first/strike match | confidence 0.38 below threshold 0.65,0.0
2026-05-30T21:22:44.274112+00:00,KXBTCD-26MAY3018,KXBTCD-26MAY3018-T74299.99,"Bitcoin price on May 30, 2026?",2026-05-30 6:00 PM EDT,37.3,73877.53,74299.99,above,30m,0.005,0.995,0.1745,0.8255,0.1695,-0.1695,0.3753,NO TRADE,0.823,0.01,0.75,"Strike within 2% of spot; blended CDF (0.005) with directional (0.173). | Above contract: model YES = P(above strike) = 0.174. | Fusion weights: strike=40%, rule=20%, ML=30%, OB=10%. | Model YES probability is 17 percentage points above market YES price. | Liquidity is acceptable and spread is within threshold.",multiple prices in title; using first/strike match | confidence 0.38 below threshold 0.65,0.0
2026-05-30T21:22:44.274276+00:00,KXBTCD-26MAY3018,KXBTCD-26MAY3018-T74199.99,"Bitcoin price on May 30, 2026?",2026-05-30 6:00 PM EDT,37.3,73877.53,74199.99,above,30m,0.005,0.995,0.1847,0.8153,0.1797,-0.1797,0.3773,NO TRADE,0.8781,0.01,0.75,"Strike within 2% of spot; blended CDF (0.042) with directional (0.173). | Above contract: model YES = P(above strike) = 0.185. | Fusion weights: strike=40%, rule=20%, ML=30%, OB=10%. | Model YES probability is 18 percentage points above market YES price. | Liquidity is acceptable and spread is within threshold.",multiple prices in title; using first/strike match | confidence 0.38 below threshold 0.65,0.0
2026-05-30T21:22:44.274440+00:00,KXBTCD-26MAY3018,KXBTCD-26MAY3018-T74099.99,"Bitcoin price on May 30, 2026?",2026-05-30 6:00 PM EDT,37.3,73877.53,74099.99,above,30m,0.015,0.985,0.2256,0.7744,0.2106,-0.2106,0.3799,NO TRADE,0.9491,0.01,0.75,"Strike within 2% of spot; blended CDF (0.188) with directional (0.173). | Above contract: model YES = P(above strike) = 0.226. | Fusion weights: strike=40%, rule=20%, ML=30%, OB=10%. | Model YES probability is 21 percentage points above market YES price. | Liquidity is acceptable and spread is within threshold.",multiple prices in title; using first/strike match | confidence 0.38 below threshold 0.65,0.0
2026-05-30T21:22:44.274605+00:00,KXBTCD-26MAY3018,KXBTCD-26MAY3018-T73999.99,"Bitcoin price on May 30, 2026?",2026-05-30 6:00 PM EDT,37.3,73877.53,73999.99,above,30m,0.105,0.895,0.3087,0.6913,0.2037,-0.2037,0.3801,NO TRADE,0.955,0.01,0.75,"Strike within 2% of spot; blended CDF (0.484) with directional (0.173). | Above contract: model YES = P(above strike) = 0.309. | Fusion weights: strike=40%, rule=20%, ML=30%, OB=10%. | Model YES probability is 20 percentage points above market YES price. | Liquidity is acceptable and spread is within threshold.",multiple prices in title; using first/strike match | confidence 0.38 below threshold 0.65,0.0
2026-05-30T21:22:44.274771+00:00,KXBTCD-26MAY3018,KXBTCD-26MAY3018-T73899.99,"Bitcoin price on May 30, 2026?",2026-05-30 6:00 PM EDT,37.3,73877.53,73899.99,above,30m,0.45,0.55,0.3945,0.6055,-0.0555,0.0555,0.3785,NO TRADE,0.91,0.02,0.75,"Strike within 2% of spot; blended CDF (0.791) with directional (0.173). | Above contract: model YES = P(above strike) = 0.394. | Fusion weights: strike=40%, rule=20%, ML=30%, OB=10%. | Model NO probability is 6 percentage points above market NO price. | Liquidity is acceptable and spread is within threshold.",multiple prices in title; using first/strike match | confidence 0.38 below threshold 0.65,0.0
2026-05-30T21:22:44.274936+00:00,KXBTCD-26MAY3018,KXBTCD-26MAY3018-T73799.99,"Bitcoin price on May 30, 2026?",2026-05-30 6:00 PM EDT,37.3,73877.53,73799.99,above,30m,0.865,0.135,0.4395,0.5605,-0.4255,0.4255,0.3801,NO TRADE,0.955,0.01,0.75,"Strike within 2% of spot; blended CDF (0.951) with directional (0.173). | Above contract: model YES = P(above strike) = 0.439. | Fusion weights: strike=40%, rule=20%, ML=30%, OB=10%. | Model NO probability is 43 percentage points above market NO price. | Liquidity is acceptable and spread is within threshold.",multiple prices in title; using first/strike match | confidence 0.38 below threshold 0.65,0.0
2026-05-30T21:22:44.275099+00:00,KXBTCD-26MAY3018,KXBTCD-26MAY3018-T73699.99,"Bitcoin price on May 30, 2026?",2026-05-30 6:00 PM EDT,37.3,73877.53,73699.99,above,30m,0.975,0.025,0.4514,0.5486,-0.5236,0.5236,0.3797,NO TRADE,0.944,0.01,0.75,"Strike within 2% of spot; blended CDF (0.994) with directional (0.173). | Above contract: model YES = P(above strike) = 0.451. | Fusion weights: strike=40%, rule=20%, ML=30%, OB=10%. | Model NO probability is 52 percentage points above market NO price. | Liquidity is acceptable and spread is within threshold.",multiple prices in title; using first/strike match | confidence 0.38 below threshold 0.65,0.0
2026-05-30T21:22:44.275266+00:00,KXBTCD-26MAY3018,KXBTCD-26MAY3018-T73599.99,"Bitcoin price on May 30, 2026?",2026-05-30 6:00 PM EDT,37.3,73877.53,73599.99,above,30m,0.995,0.005,0.453,0.547,-0.542,0.542,0.3796,NO TRADE,0.9401,0.01,0.75,"Strike within 2% of spot; blended CDF (1.000) with directional (0.173). | Above contract: model YES = P(above strike) = 0.453. | Fusion weights: strike=40%, rule=20%, ML=30%, OB=10%. | Model NO probability is 54 percentage points above market NO price. | Liquidity is acceptable and spread is within threshold.",multiple prices in title; using first/strike match | confidence 0.38 below threshold 0.65,0.0
2026-05-30T21:22:44.275433+00:00,KXBTCD-26MAY3018,KXBTCD-26MAY3018-T73499.99,"Bitcoin price on May 30, 2026?",2026-05-30 6:00 PM EDT,37.3,73877.53,73499.99,above,30m,0.995,0.005,0.4531,0.5469,-0.5419,0.5419,0.3746,NO TRADE,0.8015,0.01,0.75,"Strike within 2% of spot; blended CDF (1.000) with directional (0.173). | Above contract: model YES = P(above strike) = 0.453. | Fusion weights: strike=40%, rule=20%, ML=30%, OB=10%. | Model NO probability is 54 percentage points above market NO price. | Liquidity is acceptable and spread is within threshold.",multiple prices in title; using first/strike match | confidence 0.37 below threshold 0.65,0.0
2026-05-30T21:22:44.275595+00:00,KXBTCD-26MAY3018,KXBTCD-26MAY3018-T73399.99,"Bitcoin price on May 30, 2026?",2026-05-30 6:00 PM EDT,37.3,73877.53,73399.99,above,30m,0.995,0.005,0.4531,0.5469,-0.5419,0.5419,0.3765,NO TRADE,0.8554,0.01,0.75,"Strike within 2% of spot; blended CDF (1.000) with directional (0.173). | Above contract: model YES = P(above strike) = 0.453. | Fusion weights: strike=40%, rule=20%, ML=30%, OB=10%. | Model NO probability is 54 percentage points above market NO price. | Liquidity is acceptable and spread is within threshold.",multiple prices in title; using first/strike match | confidence 0.38 below threshold 0.65,0.0
2026-05-30T21:22:44.275761+00:00,KXBTCD-26MAY3018,KXBTCD-26MAY3018-T73299.99,"Bitcoin price on May 30, 2026?",2026-05-30 6:00 PM EDT,37.3,73877.53,73299.99,above,30m,0.995,0.005,0.4531,0.5469,-0.5419,0.5419,0.3638,NO TRADE,0.505,0.01,0.75,"Strike within 2% of spot; blended CDF (1.000) with directional (0.173). | Above contract: model YES = P(above strike) = 0.453. | Fusion weights: strike=40%, rule=20%, ML=30%, OB=10%. | Model NO probability is 54 percentage points above market NO price. | Liquidity is acceptable and spread is within threshold.",multiple prices in title; using first/strike match | confidence 0.36 below threshold 0.65,0.0
2026-05-30T21:22:44.275923+00:00,KXBTCD-26MAY3018,KXBTCD-26MAY3018-T73199.99,"Bitcoin price on May 30, 2026?",2026-05-30 6:00 PM EDT,37.3,73877.53,73199.99,above,30m,0.995,0.005,0.4531,0.5469,-0.5419,0.5419,0.3765,NO TRADE,0.8553,0.01,0.75,"Strike within 2% of spot; blended CDF (1.000) with directional (0.173). | Above contract: model YES = P(above strike) = 0.453. | Fusion weights: strike=40%, rule=20%, ML=30%, OB=10%. | Model NO probability is 54 percentage points above market NO price. | Liquidity is acceptable and spread is within threshold.",multiple prices in title; using first/strike match | confidence 0.38 below threshold 0.65,0.0
2026-05-30T21:22:44.276086+00:00,KXBTCD-26MAY3018,KXBTCD-26MAY3018-T73099.99,"Bitcoin price on May 30, 2026?",2026-05-30 6:00 PM EDT,37.3,73877.53,73099.99,above,30m,0.995,0.005,0.4531,0.5469,-0.5419,0.5419,0.3638,NO TRADE,0.505,0.01,0.75,"Strike within 2% of spot; blended CDF (1.000) with directional (0.173). | Above contract: model YES = P(above strike) = 0.453. | Fusion weights: strike=40%, rule=20%, ML=30%, OB=10%. | Model NO probability is 54 percentage points above market NO price. | Liquidity is acceptable and spread is within threshold.",multiple prices in title; using first/strike match | confidence 0.36 below threshold 0.65,0.0
2026-05-30T21:22:44.276270+00:00,KXBTCD-26MAY3018,KXBTCD-26MAY3018-T72999.99,"Bitcoin price on May 30, 2026?",2026-05-30 6:00 PM EDT,37.3,73877.53,72999.99,above,30m,0.995,0.005,0.4531,0.5469,-0.5419,0.5419,0.3638,NO TRADE,0.505,0.01,0.75,"Strike within 2% of spot; blended CDF (1.000) with directional (0.173). | Above contract: model YES = P(above strike) = 0.453. | Fusion weights: strike=40%, rule=20%, ML=30%, OB=10%. | Model NO probability is 54 percentage points above market NO price. | Liquidity is acceptable and spread is within threshold.",multiple prices in title; using first/strike match | confidence 0.36 below threshold 0.65,0.0
2026-05-30T21:22:44.276445+00:00,KXBTCD-26MAY3018,KXBTCD-26MAY3018-T72899.99,"Bitcoin price on May 30, 2026?",2026-05-30 6:00 PM EDT,37.3,73877.53,72899.99,above,30m,0.995,0.005,0.4531,0.5469,-0.5419,0.5419,0.3638,NO TRADE,0.505,0.01,0.75,"Strike within 2% of spot; blended CDF (1.000) with directional (0.173). | Above contract: model YES = P(above strike) = 0.453. | Fusion weights: strike=40%, rule=20%, ML=30%, OB=10%. | Model NO probability is 54 percentage points above market NO price. | Liquidity is acceptable and spread is within threshold.",multiple prices in title; using first/strike match | confidence 0.36 below threshold 0.65,0.0
2026-05-30T21:22:44.276608+00:00,KXBTCD-26MAY3018,KXBTCD-26MAY3018-T72799.99,"Bitcoin price on May 30, 2026?",2026-05-30 6:00 PM EDT,37.3,73877.53,72799.99,above,30m,0.995,0.005,0.4531,0.5469,-0.5419,0.5419,0.3638,NO TRADE,0.505,0.01,0.75,"Strike within 2% of spot; blended CDF (1.000) with directional (0.173). | Above contract: model YES = P(above strike) = 0.453. | Fusion weights: strike=40%, rule=20%, ML=30%, OB=10%. | Model NO probability is 54 percentage points above market NO price. | Liquidity is acceptable and spread is within threshold.",multiple prices in title; using first/strike match | confidence 0.36 below threshold 0.65,0.0
2026-05-30T21:22:44.276775+00:00,KXBTCD-26MAY3018,KXBTCD-26MAY3018-T72699.99,"Bitcoin price on May 30, 2026?",2026-05-30 6:00 PM EDT,37.3,73877.53,72699.99,above,30m,0.995,0.005,0.4531,0.5469,-0.5419,0.5419,0.3638,NO TRADE,0.505,0.01,0.75,"Strike within 2% of spot; blended CDF (1.000) with directional (0.173). | Above contract: model YES = P(above strike) = 0.453. | Fusion weights: strike=40%, rule=20%, ML=30%, OB=10%. | Model NO probability is 54 percentage points above market NO price. | Liquidity is acceptable and spread is within threshold.",multiple prices in title; using first/strike match | confidence 0.36 below threshold 0.65,0.0
2026-05-30T21:22:44.276949+00:00,KXBTCD-26MAY3018,KXBTCD-26MAY3018-T72599.99,"Bitcoin price on May 30, 2026?",2026-05-30 6:00 PM EDT,37.3,73877.53,72599.99,above,30m,0.995,0.005,0.4531,0.5469,-0.5419,0.5419,0.3638,NO TRADE,0.505,0.01,0.75,"Strike within 2% of spot; blended CDF (1.000) with directional (0.173). | Above contract: model YES = P(above strike) = 0.453. | Fusion weights: strike=40%, rule=20%, ML=30%, OB=10%. | Model NO probability is 54 percentage points above market NO price. | Liquidity is acceptable and spread is within threshold.",multiple prices in title; using first/strike match | confidence 0.36 below threshold 0.65,0.0
2026-05-30T21:22:44.277124+00:00,KXBTCD-26MAY3018,KXBTCD-26MAY3018-T72499.99,"Bitcoin price on May 30, 2026?",2026-05-30 6:00 PM EDT,37.3,73877.53,72499.99,above,30m,0.995,0.005,0.4531,0.5469,-0.5419,0.5419,0.3638,NO TRADE,0.505,0.01,0.75,"Strike within 2% of spot; blended CDF (1.000) with directional (0.173). | Above contract: model YES = P(above strike) = 0.453. | Fusion weights: strike=40%, rule=20%, ML=30%, OB=10%. | Model NO probability is 54 percentage points above market NO price. | Liquidity is acceptable and spread is within threshold.",multiple prices in title; using first/strike match | confidence 0.36 below threshold 0.65,0.0
2026-05-30T21:22:44.277301+00:00,KXBTCD-26MAY3018,KXBTCD-26MAY3018-T72399.99,"Bitcoin price on May 30, 2026?",2026-05-30 6:00 PM EDT,37.3,73877.53,72399.99,above,30m,0.995,0.005,0.4531,0.5469,-0.5419,0.5419,0.3638,NO TRADE,0.505,0.01,0.75,"Strike within 2% of spot; blended CDF (1.000) with directional (0.173). | Above contract: model YES = P(above strike) = 0.453. | Fusion weights: strike=40%, rule=20%, ML=30%, OB=10%. | Model NO probability is 54 percentage points above market NO price. | Liquidity is acceptable and spread is within threshold.",multiple prices in title; using first/strike match | confidence 0.36 below threshold 0.65,0.0
2026-05-30T21:22:44.277464+00:00,KXBTCD-26MAY3018,KXBTCD-26MAY3018-T72299.99,"Bitcoin price on May 30, 2026?",2026-05-30 6:00 PM EDT,37.3,73877.53,72299.99,above,30m,0.995,0.005,0.5483,0.4517,-0.4467,0.4467,0.3638,NO TRADE,0.505,0.01,0.75,"Lognormal CDF: spot $73,878, strike $72,300, sigma_h=0.0016, P(above)=1.000. | Above contract: model YES = P(above strike) = 0.548. | Fusion weights: strike=40%, rule=20%, ML=30%, OB=10%. | Model NO probability is 45 percentage points above market NO price. | Liquidity is acceptable and spread is within threshold.",multiple prices in title; using first/strike match | confidence 0.36 below threshold 0.65,0.0
2026-05-30T21:22:44.277626+00:00,KXBTCD-26MAY3018,KXBTCD-26MAY3018-T72199.99,"Bitcoin price on May 30, 2026?",2026-05-30 6:00 PM EDT,37.3,73877.53,72199.99,above,30m,0.995,0.005,0.5483,0.4517,-0.4467,0.4467,0.3638,NO TRADE,0.505,0.01,0.75,"Lognormal CDF: spot $73,878, strike $72,200, sigma_h=0.0016, P(above)=1.000. | Above contract: model YES = P(above strike) = 0.548. | Fusion weights: strike=40%, rule=20%, ML=30%, OB=10%. | Model NO probability is 45 percentage points above market NO price. | Liquidity is acceptable and spread is within threshold.",multiple prices in title; using first/strike match | confidence 0.36 below threshold 0.65,0.0
2026-05-30T21:22:44.277802+00:00,KXBTCD-26MAY3018,KXBTCD-26MAY3018-T72099.99,"Bitcoin price on May 30, 2026?",2026-05-30 6:00 PM EDT,37.3,73877.53,72099.99,above,30m,0.995,0.005,0.5483,0.4517,-0.4467,0.4467,0.3638,NO TRADE,0.505,0.01,0.75,"Lognormal CDF: spot $73,878, strike $72,100, sigma_h=0.0016, P(above)=1.000. | Above contract: model YES = P(above strike) = 0.548. | Fusion weights: strike=40%, rule=20%, ML=30%, OB=10%. | Model NO probability is 45 percentage points above market NO price. | Liquidity is acceptable and spread is within threshold.",multiple prices in title; using first/strike match | confidence 0.36 below threshold 0.65,0.0
2026-05-30T21:22:44.277991+00:00,KXBTCD-26MAY3018,KXBTCD-26MAY3018-T71999.99,"Bitcoin price on May 30, 2026?",2026-05-30 6:00 PM EDT,37.3,73877.53,71999.99,above,30m,0.995,0.005,0.5483,0.4517,-0.4467,0.4467,0.3638,NO TRADE,0.505,0.01,0.75,"Lognormal CDF: spot $73,878, strike $72,000, sigma_h=0.0016, P(above)=1.000. | Above contract: model YES = P(above strike) = 0.548. | Fusion weights: strike=40%, rule=20%, ML=30%, OB=10%. | Model NO probability is 45 percentage points above market NO price. | Liquidity is acceptable and spread is within threshold.",multiple prices in title; using first/strike match | confidence 0.36 below threshold 0.65,0.0
2026-05-30T21:22:44.278180+00:00,KXBTCD-26MAY3018,KXBTCD-26MAY3018-T71899.99,"Bitcoin price on May 30, 2026?",2026-05-30 6:00 PM EDT,37.3,73877.53,71899.99,above,30m,0.995,0.005,0.5483,0.4517,-0.4467,0.4467,0.3638,NO TRADE,0.505,0.01,0.75,"Lognormal CDF: spot $73,878, strike $71,900, sigma_h=0.0016, P(above)=1.000. | Above contract: model YES = P(above strike) = 0.548. | Fusion weights: strike=40%, rule=20%, ML=30%, OB=10%. | Model NO probability is 45 percentage points above market NO price. | Liquidity is acceptable and spread is within threshold.",multiple prices in title; using first/strike match | confidence 0.36 below threshold 0.65,0.0
2026-05-30T21:22:44.278348+00:00,KXBTCD-26MAY3018,KXBTCD-26MAY3018-T71799.99,"Bitcoin price on May 30, 2026?",2026-05-30 6:00 PM EDT,37.3,73877.53,71799.99,above,30m,0.995,0.005,0.5483,0.4517,-0.4467,0.4467,0.3638,NO TRADE,0.505,0.01,0.75,"Lognormal CDF: spot $73,878, strike $71,800, sigma_h=0.0016, P(above)=1.000. | Above contract: model YES = P(above strike) = 0.548. | Fusion weights: strike=40%, rule=20%, ML=30%, OB=10%. | Model NO probability is 45 percentage points above market NO price. | Liquidity is acceptable and spread is within threshold.",multiple prices in title; using first/strike match | confidence 0.36 below threshold 0.65,0.0
2026-05-30T21:22:44.278509+00:00,KXBTCD-26MAY3018,KXBTCD-26MAY3018-T71699.99,"Bitcoin price on May 30, 2026?",2026-05-30 6:00 PM EDT,37.3,73877.53,71699.99,above,30m,0.995,0.005,0.5483,0.4517,-0.4467,0.4467,0.3638,NO TRADE,0.505,0.01,0.75,"Lognormal CDF: spot $73,878, strike $71,700, sigma_h=0.0016, P(above)=1.000. | Above contract: model YES = P(above strike) = 0.548. | Fusion weights: strike=40%, rule=20%, ML=30%, OB=10%. | Model NO probability is 45 percentage points above market NO price. | Liquidity is acceptable and spread is within threshold.",multiple prices in title; using first/strike match | confidence 0.36 below threshold 0.65,0.0
2026-05-30T21:22:44.278661+00:00,KXBTCD-26MAY3018,KXBTCD-26MAY3018-T71599.99,"Bitcoin price on May 30, 2026?",2026-05-30 6:00 PM EDT,37.3,73877.53,71599.99,above,30m,0.995,0.005,0.5483,0.4517,-0.4467,0.4467,0.3638,NO TRADE,0.505,0.01,0.75,"Lognormal CDF: spot $73,878, strike $71,600, sigma_h=0.0016, P(above)=1.000. | Above contract: model YES = P(above strike) = 0.548. | Fusion weights: strike=40%, rule=20%, ML=30%, OB=10%. | Model NO probability is 45 percentage points above market NO price. | Liquidity is acceptable and spread is within threshold.",multiple prices in title; using first/strike match | confidence 0.36 below threshold 0.65,0.0
2026-05-30T21:22:44.278811+00:00,KXBTCD-26MAY3018,KXBTCD-26MAY3018-T71499.99,"Bitcoin price on May 30, 2026?",2026-05-30 6:00 PM EDT,37.3,73877.53,71499.99,above,30m,0.995,0.005,0.5483,0.4517,-0.4467,0.4467,0.3638,NO TRADE,0.505,0.01,0.75,"Lognormal CDF: spot $73,878, strike $71,500, sigma_h=0.0016, P(above)=1.000. | Above contract: model YES = P(above strike) = 0.548. | Fusion weights: strike=40%, rule=20%, ML=30%, OB=10%. | Model NO probability is 45 percentage points above market NO price. | Liquidity is acceptable and spread is within threshold.",multiple prices in title; using first/strike match | confidence 0.36 below threshold 0.65,0.0
2026-05-30T21:22:44.278965+00:00,KXBTCD-26MAY3018,KXBTCD-26MAY3018-T71399.99,"Bitcoin price on May 30, 2026?",2026-05-30 6:00 PM EDT,37.3,73877.53,71399.99,above,30m,0.995,0.005,0.5483,0.4517,-0.4467,0.4467,0.3638,NO TRADE,0.505,0.01,0.75,"Lognormal CDF: spot $73,878, strike $71,400, sigma_h=0.0016, P(above)=1.000. | Above contract: model YES = P(above strike) = 0.548. | Fusion weights: strike=40%, rule=20%, ML=30%, OB=10%. | Model NO probability is 45 percentage points above market NO price. | Liquidity is acceptable and spread is within threshold.",multiple prices in title; using first/strike match | confidence 0.36 below threshold 0.65,0.0
2026-05-30T21:22:44.279114+00:00,KXBTCD-26MAY3018,KXBTCD-26MAY3018-T71299.99,"Bitcoin price on May 30, 2026?",2026-05-30 6:00 PM EDT,37.3,73877.53,71299.99,above,30m,0.995,0.005,0.5483,0.4517,-0.4467,0.4467,0.3638,NO TRADE,0.505,0.01,0.75,"Lognormal CDF: spot $73,878, strike $71,300, sigma_h=0.0016, P(above)=1.000. | Above contract: model YES = P(above strike) = 0.548. | Fusion weights: strike=40%, rule=20%, ML=30%, OB=10%. | Model NO probability is 45 percentage points above market NO price. | Liquidity is acceptable and spread is within threshold.",multiple prices in title; using first/strike match | confidence 0.36 below threshold 0.65,0.0
2026-05-30T21:22:44.279273+00:00,KXBTCD-26MAY3018,KXBTCD-26MAY3018-T71199.99,"Bitcoin price on May 30, 2026?",2026-05-30 6:00 PM EDT,37.3,73877.53,71199.99,above,30m,0.995,0.005,0.5483,0.4517,-0.4467,0.4467,0.3638,NO TRADE,0.505,0.01,0.75,"Lognormal CDF: spot $73,878, strike $71,200, sigma_h=0.0016, P(above)=1.000. | Above contract: model YES = P(above strike) = 0.548. | Fusion weights: strike=40%, rule=20%, ML=30%, OB=10%. | Model NO probability is 45 percentage points above market NO price. | Liquidity is acceptable and spread is within threshold.",multiple prices in title; using first/strike match | confidence 0.36 below threshold 0.65,0.0
2026-05-30T21:22:44.279427+00:00,KXBTCD-26MAY3018,KXBTCD-26MAY3018-T71099.99,"Bitcoin price on May 30, 2026?",2026-05-30 6:00 PM EDT,37.3,73877.53,71099.99,above,30m,0.995,0.005,0.5483,0.4517,-0.4467,0.4467,0.3638,NO TRADE,0.505,0.01,0.75,"Lognormal CDF: spot $73,878, strike $71,100, sigma_h=0.0016, P(above)=1.000. | Above contract: model YES = P(above strike) = 0.548. | Fusion weights: strike=40%, rule=20%, ML=30%, OB=10%. | Model NO probability is 45 percentage points above market NO price. | Liquidity is acceptable and spread is within threshold.",multiple prices in title; using first/strike match | confidence 0.36 below threshold 0.65,0.0
2026-05-30T21:22:44.279586+00:00,KXBTCD-26MAY3018,KXBTCD-26MAY3018-T70999.99,"Bitcoin price on May 30, 2026?",2026-05-30 6:00 PM EDT,37.3,73877.53,70999.99,above,30m,0.995,0.005,0.5483,0.4517,-0.4467,0.4467,0.3638,NO TRADE,0.505,0.01,0.75,"Lognormal CDF: spot $73,878, strike $71,000, sigma_h=0.0016, P(above)=1.000. | Above contract: model YES = P(above strike) = 0.548. | Fusion weights: strike=40%, rule=20%, ML=30%, OB=10%. | Model NO probability is 45 percentage points above market NO price. | Liquidity is acceptable and spread is within threshold.",multiple prices in title; using first/strike match | confidence 0.36 below threshold 0.65,0.0
2026-05-30T21:22:44.279737+00:00,KXBTCD-26MAY3018,KXBTCD-26MAY3018-T70899.99,"Bitcoin price on May 30, 2026?",2026-05-30 6:00 PM EDT,37.3,73877.53,70899.99,above,30m,0.995,0.005,0.5483,0.4517,-0.4467,0.4467,0.3638,NO TRADE,0.505,0.01,0.75,"Lognormal CDF: spot $73,878, strike $70,900, sigma_h=0.0016, P(above)=1.000. | Above contract: model YES = P(above strike) = 0.548. | Fusion weights: strike=40%, rule=20%, ML=30%, OB=10%. | Model NO probability is 45 percentage points above market NO price. | Liquidity is acceptable and spread is within threshold.",multiple prices in title; using first/strike match | confidence 0.36 below threshold 0.65,0.0
2026-05-30T21:22:44.279893+00:00,KXBTCD-26MAY3018,KXBTCD-26MAY3018-T70799.99,"Bitcoin price on May 30, 2026?",2026-05-30 6:00 PM EDT,37.3,73877.53,70799.99,above,30m,0.995,0.005,0.5483,0.4517,-0.4467,0.4467,0.3638,NO TRADE,0.505,0.01,0.75,"Lognormal CDF: spot $73,878, strike $70,800, sigma_h=0.0016, P(above)=1.000. | Above contract: model YES = P(above strike) = 0.548. | Fusion weights: strike=40%, rule=20%, ML=30%, OB=10%. | Model NO probability is 45 percentage points above market NO price. | Liquidity is acceptable and spread is within threshold.",multiple prices in title; using first/strike match | confidence 0.36 below threshold 0.65,0.0
2026-05-30T21:22:44.280046+00:00,KXBTCD-26MAY3018,KXBTCD-26MAY3018-T70699.99,"Bitcoin price on May 30, 2026?",2026-05-30 6:00 PM EDT,37.3,73877.53,70699.99,above,30m,0.995,0.005,0.5483,0.4517,-0.4467,0.4467,0.3638,NO TRADE,0.505,0.01,0.75,"Lognormal CDF: spot $73,878, strike $70,700, sigma_h=0.0016, P(above)=1.000. | Above contract: model YES = P(above strike) = 0.548. | Fusion weights: strike=40%, rule=20%, ML=30%, OB=10%. | Model NO probability is 45 percentage points above market NO price. | Liquidity is acceptable and spread is within threshold.",multiple prices in title; using first/strike match | confidence 0.36 below threshold 0.65,0.0
2026-05-30T21:22:44.280197+00:00,KXBTCD-26MAY3018,KXBTCD-26MAY3018-T70599.99,"Bitcoin price on May 30, 2026?",2026-05-30 6:00 PM EDT,37.3,73877.53,70599.99,above,30m,0.995,0.005,0.5483,0.4517,-0.4467,0.4467,0.3638,NO TRADE,0.505,0.01,0.75,"Lognormal CDF: spot $73,878, strike $70,600, sigma_h=0.0016, P(above)=1.000. | Above contract: model YES = P(above strike) = 0.548. | Fusion weights: strike=40%, rule=20%, ML=30%, OB=10%. | Model NO probability is 45 percentage points above market NO price. | Liquidity is acceptable and spread is within threshold.",multiple prices in title; using first/strike match | confidence 0.36 below threshold 0.65,0.0
2026-05-30T21:22:44.280349+00:00,KXBTCD-26MAY3018,KXBTCD-26MAY3018-T70499.99,"Bitcoin price on May 30, 2026?",2026-05-30 6:00 PM EDT,37.3,73877.53,70499.99,above,30m,0.995,0.005,0.5483,0.4517,-0.4467,0.4467,0.3638,NO TRADE,0.505,0.01,0.75,"Lognormal CDF: spot $73,878, strike $70,500, sigma_h=0.0016, P(above)=1.000. | Above contract: model YES = P(above strike) = 0.548. | Fusion weights: strike=40%, rule=20%, ML=30%, OB=10%. | Model NO probability is 45 percentage points above market NO price. | Liquidity is acceptable and spread is within threshold.",multiple prices in title; using first/strike match | confidence 0.36 below threshold 0.65,0.0
2026-05-30T21:22:44.280501+00:00,KXBTCD-26MAY3018,KXBTCD-26MAY3018-T70399.99,"Bitcoin price on May 30, 2026?",2026-05-30 6:00 PM EDT,37.3,73877.53,70399.99,above,30m,0.995,0.005,0.5483,0.4517,-0.4467,0.4467,0.3638,NO TRADE,0.505,0.01,0.75,"Lognormal CDF: spot $73,878, strike $70,400, sigma_h=0.0016, P(above)=1.000. | Above contract: model YES = P(above strike) = 0.548. | Fusion weights: strike=40%, rule=20%, ML=30%, OB=10%. | Model NO probability is 45 percentage points above market NO price. | Liquidity is acceptable and spread is within threshold.",multiple prices in title; using first/strike match | confidence 0.36 below threshold 0.65,0.0
2026-05-30T21:22:44.280652+00:00,KXBTCD-26MAY3018,KXBTCD-26MAY3018-T70299.99,"Bitcoin price on May 30, 2026?",2026-05-30 6:00 PM EDT,37.3,73877.53,70299.99,above,30m,0.995,0.005,0.5483,0.4517,-0.4467,0.4467,0.3638,NO TRADE,0.505,0.01,0.75,"Lognormal CDF: spot $73,878, strike $70,300, sigma_h=0.0016, P(above)=1.000. | Above contract: model YES = P(above strike) = 0.548. | Fusion weights: strike=40%, rule=20%, ML=30%, OB=10%. | Model NO probability is 45 percentage points above market NO price. | Liquidity is acceptable and spread is within threshold.",multiple prices in title; using first/strike match | confidence 0.36 below threshold 0.65,0.0
2026-05-30T21:22:44.280816+00:00,KXBTCD-26MAY3018,KXBTCD-26MAY3018-T70199.99,"Bitcoin price on May 30, 2026?",2026-05-30 6:00 PM EDT,37.3,73877.53,70199.99,above,30m,0.995,0.005,0.5483,0.4517,-0.4467,0.4467,0.3638,NO TRADE,0.505,0.01,0.75,"Lognormal CDF: spot $73,878, strike $70,200, sigma_h=0.0016, P(above)=1.000. | Above contract: model YES = P(above strike) = 0.548. | Fusion weights: strike=40%, rule=20%, ML=30%, OB=10%. | Model NO probability is 45 percentage points above market NO price. | Liquidity is acceptable and spread is within threshold.",multiple prices in title; using first/strike match | confidence 0.36 below threshold 0.65,0.0
2026-05-30T21:22:44.280967+00:00,KXBTCD-26MAY3018,KXBTCD-26MAY3018-T70099.99,"Bitcoin price on May 30, 2026?",2026-05-30 6:00 PM EDT,37.3,73877.53,70099.99,above,30m,0.995,0.005,0.5483,0.4517,-0.4467,0.4467,0.3638,NO TRADE,0.505,0.01,0.75,"Lognormal CDF: spot $73,878, strike $70,100, sigma_h=0.0016, P(above)=1.000. | Above contract: model YES = P(above strike) = 0.548. | Fusion weights: strike=40%, rule=20%, ML=30%, OB=10%. | Model NO probability is 45 percentage points above market NO price. | Liquidity is acceptable and spread is within threshold.",multiple prices in title; using first/strike match | confidence 0.36 below threshold 0.65,0.0
2026-05-30T21:22:44.281122+00:00,KXBTCD-26MAY3018,KXBTCD-26MAY3018-T69999.99,"Bitcoin price on May 30, 2026?",2026-05-30 6:00 PM EDT,37.3,73877.53,69999.99,above,30m,0.995,0.005,0.5483,0.4517,-0.4467,0.4467,0.3638,NO TRADE,0.505,0.01,0.75,"Lognormal CDF: spot $73,878, strike $70,000, sigma_h=0.0016, P(above)=1.000. | Above contract: model YES = P(above strike) = 0.548. | Fusion weights: strike=40%, rule=20%, ML=30%, OB=10%. | Model NO probability is 45 percentage points above market NO price. | Liquidity is acceptable and spread is within threshold.",multiple prices in title; using first/strike match | confidence 0.36 below threshold 0.65,0.0
2026-05-30T21:22:44.281273+00:00,KXBTCD-26MAY3018,KXBTCD-26MAY3018-T69899.99,"Bitcoin price on May 30, 2026?",2026-05-30 6:00 PM EDT,37.3,73877.53,69899.99,above,30m,0.995,0.005,0.5483,0.4517,-0.4467,0.4467,0.3638,NO TRADE,0.505,0.01,0.75,"Lognormal CDF: spot $73,878, strike $69,900, sigma_h=0.0016, P(above)=1.000. | Above contract: model YES = P(above strike) = 0.548. | Fusion weights: strike=40%, rule=20%, ML=30%, OB=10%. | Model NO probability is 45 percentage points above market NO price. | Liquidity is acceptable and spread is within threshold.",multiple prices in title; using first/strike match | confidence 0.36 below threshold 0.65,0.0
2026-05-30T21:22:44.281423+00:00,KXBTCD-26MAY3018,KXBTCD-26MAY3018-T69799.99,"Bitcoin price on May 30, 2026?",2026-05-30 6:00 PM EDT,37.3,73877.53,69799.99,above,30m,0.995,0.005,0.5483,0.4517,-0.4467,0.4467,0.3638,NO TRADE,0.505,0.01,0.75,"Lognormal CDF: spot $73,878, strike $69,800, sigma_h=0.0016, P(above)=1.000. | Above contract: model YES = P(above strike) = 0.548. | Fusion weights: strike=40%, rule=20%, ML=30%, OB=10%. | Model NO probability is 45 percentage points above market NO price. | Liquidity is acceptable and spread is within threshold.",multiple prices in title; using first/strike match | confidence 0.36 below threshold 0.65,0.0
2026-05-30T21:22:44.281576+00:00,KXBTCD-26MAY3018,KXBTCD-26MAY3018-T69699.99,"Bitcoin price on May 30, 2026?",2026-05-30 6:00 PM EDT,37.3,73877.53,69699.99,above,30m,0.995,0.005,0.5483,0.4517,-0.4467,0.4467,0.3638,NO TRADE,0.505,0.01,0.75,"Lognormal CDF: spot $73,878, strike $69,700, sigma_h=0.0016, P(above)=1.000. | Above contract: model YES = P(above strike) = 0.548. | Fusion weights: strike=40%, rule=20%, ML=30%, OB=10%. | Model NO probability is 45 percentage points above market NO price. | Liquidity is acceptable and spread is within threshold.",multiple prices in title; using first/strike match | confidence 0.36 below threshold 0.65,0.0
2026-05-30T21:22:44.281726+00:00,KXBTCD-26MAY3018,KXBTCD-26MAY3018-T69599.99,"Bitcoin price on May 30, 2026?",2026-05-30 6:00 PM EDT,37.3,73877.53,69599.99,above,30m,0.995,0.005,0.5483,0.4517,-0.4467,0.4467,0.3638,NO TRADE,0.505,0.01,0.75,"Lognormal CDF: spot $73,878, strike $69,600, sigma_h=0.0016, P(above)=1.000. | Above contract: model YES = P(above strike) = 0.548. | Fusion weights: strike=40%, rule=20%, ML=30%, OB=10%. | Model NO probability is 45 percentage points above market NO price. | Liquidity is acceptable and spread is within threshold.",multiple prices in title; using first/strike match | confidence 0.36 below threshold 0.65,0.0
2026-05-30T21:22:44.281877+00:00,KXBTCD-26MAY3018,KXBTCD-26MAY3018-T69499.99,"Bitcoin price on May 30, 2026?",2026-05-30 6:00 PM EDT,37.3,73877.53,69499.99,above,30m,0.995,0.005,0.5483,0.4517,-0.4467,0.4467,0.3638,NO TRADE,0.505,0.01,0.75,"Lognormal CDF: spot $73,878, strike $69,500, sigma_h=0.0016, P(above)=1.000. | Above contract: model YES = P(above strike) = 0.548. | Fusion weights: strike=40%, rule=20%, ML=30%, OB=10%. | Model NO probability is 45 percentage points above market NO price. | Liquidity is acceptable and spread is within threshold.",multiple prices in title; using first/strike match | confidence 0.36 below threshold 0.65,0.0
2026-05-30T21:22:44.282032+00:00,KXBTCD-26MAY3018,KXBTCD-26MAY3018-T69399.99,"Bitcoin price on May 30, 2026?",2026-05-30 6:00 PM EDT,37.3,73877.53,69399.99,above,30m,0.995,0.005,0.5483,0.4517,-0.4467,0.4467,0.3638,NO TRADE,0.505,0.01,0.75,"Lognormal CDF: spot $73,878, strike $69,400, sigma_h=0.0016, P(above)=1.000. | Above contract: model YES = P(above strike) = 0.548. | Fusion weights: strike=40%, rule=20%, ML=30%, OB=10%. | Model NO probability is 45 percentage points above market NO price. | Liquidity is acceptable and spread is within threshold.",multiple prices in title; using first/strike match | confidence 0.36 below threshold 0.65,0.0
2026-05-30T21:22:44.282186+00:00,KXBTCD-26MAY3018,KXBTCD-26MAY3018-T69299.99,"Bitcoin price on May 30, 2026?",2026-05-30 6:00 PM EDT,37.3,73877.53,69299.99,above,30m,0.995,0.005,0.5483,0.4517,-0.4467,0.4467,0.3638,NO TRADE,0.505,0.01,0.75,"Lognormal CDF: spot $73,878, strike $69,300, sigma_h=0.0016, P(above)=1.000. | Above contract: model YES = P(above strike) = 0.548. | Fusion weights: strike=40%, rule=20%, ML=30%, OB=10%. | Model NO probability is 45 percentage points above market NO price. | Liquidity is acceptable and spread is within threshold.",multiple prices in title; using first/strike match | confidence 0.36 below threshold 0.65,0.0
2026-05-30T21:22:44.282469+00:00,KXBTCD-26MAY3018,KXBTCD-26MAY3018-T69199.99,"Bitcoin price on May 30, 2026?",2026-05-30 6:00 PM EDT,37.3,73877.53,69199.99,above,30m,0.995,0.005,0.5483,0.4517,-0.4467,0.4467,0.3638,NO TRADE,0.505,0.01,0.75,"Lognormal CDF: spot $73,878, strike $69,200, sigma_h=0.0016, P(above)=1.000. | Above contract: model YES = P(above strike) = 0.548. | Fusion weights: strike=40%, rule=20%, ML=30%, OB=10%. | Model NO probability is 45 percentage points above market NO price. | Liquidity is acceptable and spread is within threshold.",multiple prices in title; using first/strike match | confidence 0.36 below threshold 0.65,0.0
2026-05-30T21:22:44.282630+00:00,KXBTCD-26MAY3018,KXBTCD-26MAY3018-T69099.99,"Bitcoin price on May 30, 2026?",2026-05-30 6:00 PM EDT,37.3,73877.53,69099.99,above,30m,0.995,0.005,0.5483,0.4517,-0.4467,0.4467,0.3638,NO TRADE,0.505,0.01,0.75,"Lognormal CDF: spot $73,878, strike $69,100, sigma_h=0.0016, P(above)=1.000. | Above contract: model YES = P(above strike) = 0.548. | Fusion weights: strike=40%, rule=20%, ML=30%, OB=10%. | Model NO probability is 45 percentage points above market NO price. | Liquidity is acceptable and spread is within threshold.",multiple prices in title; using first/strike match | confidence 0.36 below threshold 0.65,0.0
2026-05-30T21:22:44.282836+00:00,KXBTCD-26MAY3018,KXBTCD-26MAY3018-T68999.99,"Bitcoin price on May 30, 2026?",2026-05-30 6:00 PM EDT,37.3,73877.53,68999.99,above,30m,0.995,0.005,0.5483,0.4517,-0.4467,0.4467,0.3638,NO TRADE,0.505,0.01,0.75,"Lognormal CDF: spot $73,878, strike $69,000, sigma_h=0.0016, P(above)=1.000. | Above contract: model YES = P(above strike) = 0.548. | Fusion weights: strike=40%, rule=20%, ML=30%, OB=10%. | Model NO probability is 45 percentage points above market NO price. | Liquidity is acceptable and spread is within threshold.",multiple prices in title; using first/strike match | confidence 0.36 below threshold 0.65,0.0
2026-05-30T21:22:44.282997+00:00,KXBTCD-26MAY3018,KXBTCD-26MAY3018-T68899.99,"Bitcoin price on May 30, 2026?",2026-05-30 6:00 PM EDT,37.3,73877.53,68899.99,above,30m,0.995,0.005,0.5483,0.4517,-0.4467,0.4467,0.3638,NO TRADE,0.505,0.01,0.75,"Lognormal CDF: spot $73,878, strike $68,900, sigma_h=0.0016, P(above)=1.000. | Above contract: model YES = P(above strike) = 0.548. | Fusion weights: strike=40%, rule=20%, ML=30%, OB=10%. | Model NO probability is 45 percentage points above market NO price. | Liquidity is acceptable and spread is within threshold.",multiple prices in title; using first/strike match | confidence 0.36 below threshold 0.65,0.0
2026-05-30T21:22:44.283151+00:00,KXBTCD-26MAY3018,KXBTCD-26MAY3018-T68799.99,"Bitcoin price on May 30, 2026?",2026-05-30 6:00 PM EDT,37.3,73877.53,68799.99,above,30m,0.995,0.005,0.5483,0.4517,-0.4467,0.4467,0.3638,NO TRADE,0.505,0.01,0.75,"Lognormal CDF: spot $73,878, strike $68,800, sigma_h=0.0016, P(above)=1.000. | Above contract: model YES = P(above strike) = 0.548. | Fusion weights: strike=40%, rule=20%, ML=30%, OB=10%. | Model NO probability is 45 percentage points above market NO price. | Liquidity is acceptable and spread is within threshold.",multiple prices in title; using first/strike match | confidence 0.36 below threshold 0.65,0.0
2026-05-30T21:22:44.283306+00:00,KXBTCD-26MAY3018,KXBTCD-26MAY3018-T68699.99,"Bitcoin price on May 30, 2026?",2026-05-30 6:00 PM EDT,37.3,73877.53,68699.99,above,30m,0.995,0.005,0.5483,0.4517,-0.4467,0.4467,0.3638,NO TRADE,0.505,0.01,0.75,"Lognormal CDF: spot $73,878, strike $68,700, sigma_h=0.0016, P(above)=1.000. | Above contract: model YES = P(above strike) = 0.548. | Fusion weights: strike=40%, rule=20%, ML=30%, OB=10%. | Model NO probability is 45 percentage points above market NO price. | Liquidity is acceptable and spread is within threshold.",multiple prices in title; using first/strike match | confidence 0.36 below threshold 0.65,0.0
2026-05-30T21:22:44.283458+00:00,KXBTCD-26MAY3018,KXBTCD-26MAY3018-T68599.99,"Bitcoin price on May 30, 2026?",2026-05-30 6:00 PM EDT,37.3,73877.53,68599.99,above,30m,0.995,0.005,0.5483,0.4517,-0.4467,0.4467,0.3638,NO TRADE,0.505,0.01,0.75,"Lognormal CDF: spot $73,878, strike $68,600, sigma_h=0.0016, P(above)=1.000. | Above contract: model YES = P(above strike) = 0.548. | Fusion weights: strike=40%, rule=20%, ML=30%, OB=10%. | Model NO probability is 45 percentage points above market NO price. | Liquidity is acceptable and spread is within threshold.",multiple prices in title; using first/strike match | confidence 0.36 below threshold 0.65,0.0
2026-05-30T21:22:44.283612+00:00,KXBTCD-26MAY3018,KXBTCD-26MAY3018-T68499.99,"Bitcoin price on May 30, 2026?",2026-05-30 6:00 PM EDT,37.3,73877.53,68499.99,above,30m,0.995,0.005,0.5483,0.4517,-0.4467,0.4467,0.3638,NO TRADE,0.505,0.01,0.75,"Lognormal CDF: spot $73,878, strike $68,500, sigma_h=0.0016, P(above)=1.000. | Above contract: model YES = P(above strike) = 0.548. | Fusion weights: strike=40%, rule=20%, ML=30%, OB=10%. | Model NO probability is 45 percentage points above market NO price. | Liquidity is acceptable and spread is within threshold.",multiple prices in title; using first/strike match | confidence 0.36 below threshold 0.65,0.0
2026-05-30T21:22:44.283764+00:00,KXBTCD-26MAY3018,KXBTCD-26MAY3018-T68399.99,"Bitcoin price on May 30, 2026?",2026-05-30 6:00 PM EDT,37.3,73877.53,68399.99,above,30m,0.995,0.005,0.5483,0.4517,-0.4467,0.4467,0.3638,NO TRADE,0.505,0.01,0.75,"Lognormal CDF: spot $73,878, strike $68,400, sigma_h=0.0016, P(above)=1.000. | Above contract: model YES = P(above strike) = 0.548. | Fusion weights: strike=40%, rule=20%, ML=30%, OB=10%. | Model NO probability is 45 percentage points above market NO price. | Liquidity is acceptable and spread is within threshold.",multiple prices in title; using first/strike match | confidence 0.36 below threshold 0.65,0.0
2026-05-30T21:22:44.283917+00:00,KXBTCD-26MAY3018,KXBTCD-26MAY3018-T68299.99,"Bitcoin price on May 30, 2026?",2026-05-30 6:00 PM EDT,37.3,73877.53,68299.99,above,30m,0.995,0.005,0.5483,0.4517,-0.4467,0.4467,0.3638,NO TRADE,0.505,0.01,0.75,"Lognormal CDF: spot $73,878, strike $68,300, sigma_h=0.0016, P(above)=1.000. | Above contract: model YES = P(above strike) = 0.548. | Fusion weights: strike=40%, rule=20%, ML=30%, OB=10%. | Model NO probability is 45 percentage points above market NO price. | Liquidity is acceptable and spread is within threshold.",multiple prices in title; using first/strike match | confidence 0.36 below threshold 0.65,0.0
2026-05-30T21:22:44.284083+00:00,KXBTCD-26MAY3018,KXBTCD-26MAY3018-T68199.99,"Bitcoin price on May 30, 2026?",2026-05-30 6:00 PM EDT,37.3,73877.53,68199.99,above,30m,0.995,0.005,0.5483,0.4517,-0.4467,0.4467,0.3638,NO TRADE,0.505,0.01,0.75,"Lognormal CDF: spot $73,878, strike $68,200, sigma_h=0.0016, P(above)=1.000. | Above contract: model YES = P(above strike) = 0.548. | Fusion weights: strike=40%, rule=20%, ML=30%, OB=10%. | Model NO probability is 45 percentage points above market NO price. | Liquidity is acceptable and spread is within threshold.",multiple prices in title; using first/strike match | confidence 0.36 below threshold 0.65,0.0
2026-05-30T21:22:44.284238+00:00,KXBTCD-26MAY3018,KXBTCD-26MAY3018-T68099.99,"Bitcoin price on May 30, 2026?",2026-05-30 6:00 PM EDT,37.3,73877.53,68099.99,above,30m,0.995,0.005,0.5483,0.4517,-0.4467,0.4467,0.3638,NO TRADE,0.505,0.01,0.75,"Lognormal CDF: spot $73,878, strike $68,100, sigma_h=0.0016, P(above)=1.000. | Above contract: model YES = P(above strike) = 0.548. | Fusion weights: strike=40%, rule=20%, ML=30%, OB=10%. | Model NO probability is 45 percentage points above market NO price. | Liquidity is acceptable and spread is within threshold.",multiple prices in title; using first/strike match | confidence 0.36 below threshold 0.65,0.0
2026-05-30T21:22:44.284386+00:00,KXBTCD-26MAY3018,KXBTCD-26MAY3018-T67999.99,"Bitcoin price on May 30, 2026?",2026-05-30 6:00 PM EDT,37.3,73877.53,67999.99,above,30m,0.995,0.005,0.5483,0.4517,-0.4467,0.4467,0.3638,NO TRADE,0.505,0.01,0.75,"Lognormal CDF: spot $73,878, strike $68,000, sigma_h=0.0016, P(above)=1.000. | Above contract: model YES = P(above strike) = 0.548. | Fusion weights: strike=40%, rule=20%, ML=30%, OB=10%. | Model NO probability is 45 percentage points above market NO price. | Liquidity is acceptable and spread is within threshold.",multiple prices in title; using first/strike match | confidence 0.36 below threshold 0.65,0.0
2026-05-30T21:22:44.284529+00:00,KXBTCD-26MAY3018,KXBTCD-26MAY3018-T67899.99,"Bitcoin price on May 30, 2026?",2026-05-30 6:00 PM EDT,37.3,73877.53,67899.99,above,30m,0.995,0.005,0.5483,0.4517,-0.4467,0.4467,0.3638,NO TRADE,0.505,0.01,0.75,"Lognormal CDF: spot $73,878, strike $67,900, sigma_h=0.0016, P(above)=1.000. | Above contract: model YES = P(above strike) = 0.548. | Fusion weights: strike=40%, rule=20%, ML=30%, OB=10%. | Model NO probability is 45 percentage points above market NO price. | Liquidity is acceptable and spread is within threshold.",multiple prices in title; using first/strike match | confidence 0.36 below threshold 0.65,0.0
2026-05-30T21:22:44.284681+00:00,KXBTCD-26MAY3018,KXBTCD-26MAY3018-T67799.99,"Bitcoin price on May 30, 2026?",2026-05-30 6:00 PM EDT,37.3,73877.53,67799.99,above,30m,0.995,0.005,0.5483,0.4517,-0.4467,0.4467,0.3638,NO TRADE,0.505,0.01,0.75,"Lognormal CDF: spot $73,878, strike $67,800, sigma_h=0.0016, P(above)=1.000. | Above contract: model YES = P(above strike) = 0.548. | Fusion weights: strike=40%, rule=20%, ML=30%, OB=10%. | Model NO probability is 45 percentage points above market NO price. | Liquidity is acceptable and spread is within threshold.",multiple prices in title; using first/strike match | confidence 0.36 below threshold 0.65,0.0
2026-05-30T21:22:44.284823+00:00,KXBTCD-26MAY3018,KXBTCD-26MAY3018-T67699.99,"Bitcoin price on May 30, 2026?",2026-05-30 6:00 PM EDT,37.3,73877.53,67699.99,above,30m,0.995,0.005,0.5483,0.4517,-0.4467,0.4467,0.3638,NO TRADE,0.505,0.01,0.75,"Lognormal CDF: spot $73,878, strike $67,700, sigma_h=0.0016, P(above)=1.000. | Above contract: model YES = P(above strike) = 0.548. | Fusion weights: strike=40%, rule=20%, ML=30%, OB=10%. | Model NO probability is 45 percentage points above market NO price. | Liquidity is acceptable and spread is within threshold.",multiple prices in title; using first/strike match | confidence 0.36 below threshold 0.65,0.0
2026-05-30T21:22:44.284977+00:00,KXBTCD-26MAY3018,KXBTCD-26MAY3018-T67599.99,"Bitcoin price on May 30, 2026?",2026-05-30 6:00 PM EDT,37.3,73877.53,67599.99,above,30m,0.995,0.005,0.5483,0.4517,-0.4467,0.4467,0.3638,NO TRADE,0.505,0.01,0.75,"Lognormal CDF: spot $73,878, strike $67,600, sigma_h=0.0016, P(above)=1.000. | Above contract: model YES = P(above strike) = 0.548. | Fusion weights: strike=40%, rule=20%, ML=30%, OB=10%. | Model NO probability is 45 percentage points above market NO price. | Liquidity is acceptable and spread is within threshold.",multiple prices in title; using first/strike match | confidence 0.36 below threshold 0.65,0.0
2026-05-30T21:22:44.285121+00:00,KXBTCD-26MAY3018,KXBTCD-26MAY3018-T67499.99,"Bitcoin price on May 30, 2026?",2026-05-30 6:00 PM EDT,37.3,73877.53,67499.99,above,30m,0.995,0.005,0.5483,0.4517,-0.4467,0.4467,0.3638,NO TRADE,0.505,0.01,0.75,"Lognormal CDF: spot $73,878, strike $67,500, sigma_h=0.0016, P(above)=1.000. | Above contract: model YES = P(above strike) = 0.548. | Fusion weights: strike=40%, rule=20%, ML=30%, OB=10%. | Model NO probability is 45 percentage points above market NO price. | Liquidity is acceptable and spread is within threshold.",multiple prices in title; using first/strike match | confidence 0.36 below threshold 0.65,0.0
2026-05-30T21:22:44.285264+00:00,KXBTCD-26MAY3018,KXBTCD-26MAY3018-T67399.99,"Bitcoin price on May 30, 2026?",2026-05-30 6:00 PM EDT,37.3,73877.53,67399.99,above,30m,0.995,0.005,0.5483,0.4517,-0.4467,0.4467,0.3638,NO TRADE,0.505,0.01,0.75,"Lognormal CDF: spot $73,878, strike $67,400, sigma_h=0.0016, P(above)=1.000. | Above contract: model YES = P(above strike) = 0.548. | Fusion weights: strike=40%, rule=20%, ML=30%, OB=10%. | Model NO probability is 45 percentage points above market NO price. | Liquidity is acceptable and spread is within threshold.",multiple prices in title; using first/strike match | confidence 0.36 below threshold 0.65,0.0
2026-05-30T21:22:44.285407+00:00,KXBTCD-26MAY3018,KXBTCD-26MAY3018-T67299.99,"Bitcoin price on May 30, 2026?",2026-05-30 6:00 PM EDT,37.3,73877.53,67299.99,above,30m,0.995,0.005,0.5483,0.4517,-0.4467,0.4467,0.3638,NO TRADE,0.505,0.01,0.75,"Lognormal CDF: spot $73,878, strike $67,300, sigma_h=0.0016, P(above)=1.000. | Above contract: model YES = P(above strike) = 0.548. | Fusion weights: strike=40%, rule=20%, ML=30%, OB=10%. | Model NO probability is 45 percentage points above market NO price. | Liquidity is acceptable and spread is within threshold.",multiple prices in title; using first/strike match | confidence 0.36 below threshold 0.65,0.0
2026-05-30T21:22:44.285554+00:00,KXBTCD-26MAY3018,KXBTCD-26MAY3018-T67199.99,"Bitcoin price on May 30, 2026?",2026-05-30 6:00 PM EDT,37.3,73877.53,67199.99,above,30m,0.995,0.005,0.5483,0.4517,-0.4467,0.4467,0.3638,NO TRADE,0.505,0.01,0.75,"Lognormal CDF: spot $73,878, strike $67,200, sigma_h=0.0016, P(above)=1.000. | Above contract: model YES = P(above strike) = 0.548. | Fusion weights: strike=40%, rule=20%, ML=30%, OB=10%. | Model NO probability is 45 percentage points above market NO price. | Liquidity is acceptable and spread is within threshold.",multiple prices in title; using first/strike match | confidence 0.36 below threshold 0.65,0.0
2026-05-30T21:22:44.285698+00:00,KXBTCD-26MAY3018,KXBTCD-26MAY3018-T67099.99,"Bitcoin price on May 30, 2026?",2026-05-30 6:00 PM EDT,37.3,73877.53,67099.99,above,30m,0.995,0.005,0.5483,0.4517,-0.4467,0.4467,0.3638,NO TRADE,0.505,0.01,0.75,"Lognormal CDF: spot $73,878, strike $67,100, sigma_h=0.0016, P(above)=1.000. | Above contract: model YES = P(above strike) = 0.548. | Fusion weights: strike=40%, rule=20%, ML=30%, OB=10%. | Model NO probability is 45 percentage points above market NO price. | Liquidity is acceptable and spread is within threshold.",multiple prices in title; using first/strike match | confidence 0.36 below threshold 0.65,0.0
2026-05-30T21:22:44.285841+00:00,KXBTCD-26MAY3018,KXBTCD-26MAY3018-T66999.99,"Bitcoin price on May 30, 2026?",2026-05-30 6:00 PM EDT,37.3,73877.53,66999.99,above,30m,0.995,0.005,0.5483,0.4517,-0.4467,0.4467,0.3638,NO TRADE,0.505,0.01,0.75,"Lognormal CDF: spot $73,878, strike $67,000, sigma_h=0.0016, P(above)=1.000. | Above contract: model YES = P(above strike) = 0.548. | Fusion weights: strike=40%, rule=20%, ML=30%, OB=10%. | Model NO probability is 45 percentage points above market NO price. | Liquidity is acceptable and spread is within threshold.",multiple prices in title; using first/strike match | confidence 0.36 below threshold 0.65,0.0
2026-05-30T21:22:44.285984+00:00,KXBTCD-26MAY3018,KXBTCD-26MAY3018-T66899.99,"Bitcoin price on May 30, 2026?",2026-05-30 6:00 PM EDT,37.3,73877.53,66899.99,above,30m,0.995,0.005,0.5483,0.4517,-0.4467,0.4467,0.3638,NO TRADE,0.505,0.01,0.75,"Lognormal CDF: spot $73,878, strike $66,900, sigma_h=0.0016, P(above)=1.000. | Above contract: model YES = P(above strike) = 0.548. | Fusion weights: strike=40%, rule=20%, ML=30%, OB=10%. | Model NO probability is 45 percentage points above market NO price. | Liquidity is acceptable and spread is within threshold.",multiple prices in title; using first/strike match | confidence 0.36 below threshold 0.65,0.0
2026-05-30T21:22:44.286127+00:00,KXBTCD-26MAY3018,KXBTCD-26MAY3018-T66799.99,"Bitcoin price on May 30, 2026?",2026-05-30 6:00 PM EDT,37.3,73877.53,66799.99,above,30m,0.995,0.005,0.5483,0.4517,-0.4467,0.4467,0.3638,NO TRADE,0.505,0.01,0.75,"Lognormal CDF: spot $73,878, strike $66,800, sigma_h=0.0016, P(above)=1.000. | Above contract: model YES = P(above strike) = 0.548. | Fusion weights: strike=40%, rule=20%, ML=30%, OB=10%. | Model NO probability is 45 percentage points above market NO price. | Liquidity is acceptable and spread is within threshold.",multiple prices in title; using first/strike match | confidence 0.36 below threshold 0.65,0.0
2026-05-30T21:22:44.286271+00:00,KXBTCD-26MAY3018,KXBTCD-26MAY3018-T66699.99,"Bitcoin price on May 30, 2026?",2026-05-30 6:00 PM EDT,37.3,73877.53,66699.99,above,30m,0.995,0.005,0.5483,0.4517,-0.4467,0.4467,0.3638,NO TRADE,0.505,0.01,0.75,"Lognormal CDF: spot $73,878, strike $66,700, sigma_h=0.0016, P(above)=1.000. | Above contract: model YES = P(above strike) = 0.548. | Fusion weights: strike=40%, rule=20%, ML=30%, OB=10%. | Model NO probability is 45 percentage points above market NO price. | Liquidity is acceptable and spread is within threshold.",multiple prices in title; using first/strike match | confidence 0.36 below threshold 0.65,0.0
2026-05-30T21:22:44.286419+00:00,KXBTCD-26MAY3018,KXBTCD-26MAY3018-T66599.99,"Bitcoin price on May 30, 2026?",2026-05-30 6:00 PM EDT,37.3,73877.53,66599.99,above,30m,0.995,0.005,0.5483,0.4517,-0.4467,0.4467,0.3638,NO TRADE,0.505,0.01,0.75,"Lognormal CDF: spot $73,878, strike $66,600, sigma_h=0.0016, P(above)=1.000. | Above contract: model YES = P(above strike) = 0.548. | Fusion weights: strike=40%, rule=20%, ML=30%, OB=10%. | Model NO probability is 45 percentage points above market NO price. | Liquidity is acceptable and spread is within threshold.",multiple prices in title; using first/strike match | confidence 0.36 below threshold 0.65,0.0
2026-05-30T21:22:44.286562+00:00,KXBTCD-26MAY3018,KXBTCD-26MAY3018-T66499.99,"Bitcoin price on May 30, 2026?",2026-05-30 6:00 PM EDT,37.3,73877.53,66499.99,above,30m,0.995,0.005,0.5483,0.4517,-0.4467,0.4467,0.3638,NO TRADE,0.505,0.01,0.75,"Lognormal CDF: spot $73,878, strike $66,500, sigma_h=0.0016, P(above)=1.000. | Above contract: model YES = P(above strike) = 0.548. | Fusion weights: strike=40%, rule=20%, ML=30%, OB=10%. | Model NO probability is 45 percentage points above market NO price. | Liquidity is acceptable and spread is within threshold.",multiple prices in title; using first/strike match | confidence 0.36 below threshold 0.65,0.0
2026-05-30T21:22:44.286706+00:00,KXBTCD-26MAY3018,KXBTCD-26MAY3018-T66399.99,"Bitcoin price on May 30, 2026?",2026-05-30 6:00 PM EDT,37.3,73877.53,66399.99,above,30m,0.995,0.005,0.5483,0.4517,-0.4467,0.4467,0.3638,NO TRADE,0.505,0.01,0.75,"Lognormal CDF: spot $73,878, strike $66,400, sigma_h=0.0016, P(above)=1.000. | Above contract: model YES = P(above strike) = 0.548. | Fusion weights: strike=40%, rule=20%, ML=30%, OB=10%. | Model NO probability is 45 percentage points above market NO price. | Liquidity is acceptable and spread is within threshold.",multiple prices in title; using first/strike match | confidence 0.36 below threshold 0.65,0.0
2026-05-30T21:22:44.286856+00:00,KXBTCD-26MAY3018,KXBTCD-26MAY3018-T66299.99,"Bitcoin price on May 30, 2026?",2026-05-30 6:00 PM EDT,37.3,73877.53,66299.99,above,30m,0.995,0.005,0.5483,0.4517,-0.4467,0.4467,0.3638,NO TRADE,0.505,0.01,0.75,"Lognormal CDF: spot $73,878, strike $66,300, sigma_h=0.0016, P(above)=1.000. | Above contract: model YES = P(above strike) = 0.548. | Fusion weights: strike=40%, rule=20%, ML=30%, OB=10%. | Model NO probability is 45 percentage points above market NO price. | Liquidity is acceptable and spread is within threshold.",multiple prices in title; using first/strike match | confidence 0.36 below threshold 0.65,0.0
2026-05-30T21:22:44.286999+00:00,KXBTCD-26MAY3018,KXBTCD-26MAY3018-T66199.99,"Bitcoin price on May 30, 2026?",2026-05-30 6:00 PM EDT,37.3,73877.53,66199.99,above,30m,0.995,0.005,0.5483,0.4517,-0.4467,0.4467,0.3638,NO TRADE,0.505,0.01,0.75,"Lognormal CDF: spot $73,878, strike $66,200, sigma_h=0.0016, P(above)=1.000. | Above contract: model YES = P(above strike) = 0.548. | Fusion weights: strike=40%, rule=20%, ML=30%, OB=10%. | Model NO probability is 45 percentage points above market NO price. | Liquidity is acceptable and spread is within threshold.",multiple prices in title; using first/strike match | confidence 0.36 below threshold 0.65,0.0
2026-05-30T21:22:44.287142+00:00,KXBTCD-26MAY3018,KXBTCD-26MAY3018-T66099.99,"Bitcoin price on May 30, 2026?",2026-05-30 6:00 PM EDT,37.3,73877.53,66099.99,above,30m,0.995,0.005,0.5483,0.4517,-0.4467,0.4467,0.3638,NO TRADE,0.505,0.01,0.75,"Lognormal CDF: spot $73,878, strike $66,100, sigma_h=0.0016, P(above)=1.000. | Above contract: model YES = P(above strike) = 0.548. | Fusion weights: strike=40%, rule=20%, ML=30%, OB=10%. | Model NO probability is 45 percentage points above market NO price. | Liquidity is acceptable and spread is within threshold.",multiple prices in title; using first/strike match | confidence 0.36 below threshold 0.65,0.0
2026-05-30T21:22:44.287285+00:00,KXBTCD-26MAY3018,KXBTCD-26MAY3018-T65999.99,"Bitcoin price on May 30, 2026?",2026-05-30 6:00 PM EDT,37.3,73877.53,65999.99,above,30m,0.995,0.005,0.5483,0.4517,-0.4467,0.4467,0.3638,NO TRADE,0.505,0.01,0.75,"Lognormal CDF: spot $73,878, strike $66,000, sigma_h=0.0016, P(above)=1.000. | Above contract: model YES = P(above strike) = 0.548. | Fusion weights: strike=40%, rule=20%, ML=30%, OB=10%. | Model NO probability is 45 percentage points above market NO price. | Liquidity is acceptable and spread is within threshold.",multiple prices in title; using first/strike match | confidence 0.36 below threshold 0.65,0.0
2026-05-30T21:22:44.287430+00:00,KXBTCD-26MAY3018,KXBTCD-26MAY3018-T65899.99,"Bitcoin price on May 30, 2026?",2026-05-30 6:00 PM EDT,37.3,73877.53,65899.99,above,30m,0.995,0.005,0.5483,0.4517,-0.4467,0.4467,0.3638,NO TRADE,0.505,0.01,0.75,"Lognormal CDF: spot $73,878, strike $65,900, sigma_h=0.0016, P(above)=1.000. | Above contract: model YES = P(above strike) = 0.548. | Fusion weights: strike=40%, rule=20%, ML=30%, OB=10%. | Model NO probability is 45 percentage points above market NO price. | Liquidity is acceptable and spread is within threshold.",multiple prices in title; using first/strike match | confidence 0.36 below threshold 0.65,0.0
2026-05-30T21:22:44.287574+00:00,KXBTCD-26MAY3018,KXBTCD-26MAY3018-T65799.99,"Bitcoin price on May 30, 2026?",2026-05-30 6:00 PM EDT,37.3,73877.53,65799.99,above,30m,0.995,0.005,0.5483,0.4517,-0.4467,0.4467,0.3638,NO TRADE,0.505,0.01,0.75,"Lognormal CDF: spot $73,878, strike $65,800, sigma_h=0.0016, P(above)=1.000. | Above contract: model YES = P(above strike) = 0.548. | Fusion weights: strike=40%, rule=20%, ML=30%, OB=10%. | Model NO probability is 45 percentage points above market NO price. | Liquidity is acceptable and spread is within threshold.",multiple prices in title; using first/strike match | confidence 0.36 below threshold 0.65,0.0
2026-05-30T21:22:44.287717+00:00,KXBTCD-26MAY3018,KXBTCD-26MAY3018-T65699.99,"Bitcoin price on May 30, 2026?",2026-05-30 6:00 PM EDT,37.3,73877.53,65699.99,above,30m,0.995,0.005,0.5483,0.4517,-0.4467,0.4467,0.3638,NO TRADE,0.505,0.01,0.75,"Lognormal CDF: spot $73,878, strike $65,700, sigma_h=0.0016, P(above)=1.000. | Above contract: model YES = P(above strike) = 0.548. | Fusion weights: strike=40%, rule=20%, ML=30%, OB=10%. | Model NO probability is 45 percentage points above market NO price. | Liquidity is acceptable and spread is within threshold.",multiple prices in title; using first/strike match | confidence 0.36 below threshold 0.65,0.0
2026-05-30T21:22:44.287866+00:00,KXBTCD-26MAY3018,KXBTCD-26MAY3018-T65599.99,"Bitcoin price on May 30, 2026?",2026-05-30 6:00 PM EDT,37.3,73877.53,65599.99,above,30m,0.995,0.005,0.5483,0.4517,-0.4467,0.4467,0.3638,NO TRADE,0.505,0.01,0.75,"Lognormal CDF: spot $73,878, strike $65,600, sigma_h=0.0016, P(above)=1.000. | Above contract: model YES = P(above strike) = 0.548. | Fusion weights: strike=40%, rule=20%, ML=30%, OB=10%. | Model NO probability is 45 percentage points above market NO price. | Liquidity is acceptable and spread is within threshold.",multiple prices in title; using first/strike match | confidence 0.36 below threshold 0.65,0.0
2026-05-30T21:22:44.288009+00:00,KXBTCD-26MAY3018,KXBTCD-26MAY3018-T65499.99,"Bitcoin price on May 30, 2026?",2026-05-30 6:00 PM EDT,37.3,73877.53,65499.99,above,30m,0.995,0.005,0.5483,0.4517,-0.4467,0.4467,0.3638,NO TRADE,0.505,0.01,0.75,"Lognormal CDF: spot $73,878, strike $65,500, sigma_h=0.0016, P(above)=1.000. | Above contract: model YES = P(above strike) = 0.548. | Fusion weights: strike=40%, rule=20%, ML=30%, OB=10%. | Model NO probability is 45 percentage points above market NO price. | Liquidity is acceptable and spread is within threshold.",multiple prices in title; using first/strike match | confidence 0.36 below threshold 0.65,0.0
2026-05-30T21:22:44.288166+00:00,KXBTCD-26MAY3018,KXBTCD-26MAY3018-T65399.99,"Bitcoin price on May 30, 2026?",2026-05-30 6:00 PM EDT,37.3,73877.53,65399.99,above,30m,0.995,0.005,0.5483,0.4517,-0.4467,0.4467,0.3638,NO TRADE,0.505,0.01,0.75,"Lognormal CDF: spot $73,878, strike $65,400, sigma_h=0.0016, P(above)=1.000. | Above contract: model YES = P(above strike) = 0.548. | Fusion weights: strike=40%, rule=20%, ML=30%, OB=10%. | Model NO probability is 45 percentage points above market NO price. | Liquidity is acceptable and spread is within threshold.",multiple prices in title; using first/strike match | confidence 0.36 below threshold 0.65,0.0
2026-05-30T21:22:44.288315+00:00,KXBTCD-26MAY3018,KXBTCD-26MAY3018-T65299.99,"Bitcoin price on May 30, 2026?",2026-05-30 6:00 PM EDT,37.3,73877.53,65299.99,above,30m,0.995,0.005,0.5483,0.4517,-0.4467,0.4467,0.3638,NO TRADE,0.505,0.01,0.75,"Lognormal CDF: spot $73,878, strike $65,300, sigma_h=0.0016, P(above)=1.000. | Above contract: model YES = P(above strike) = 0.548. | Fusion weights: strike=40%, rule=20%, ML=30%, OB=10%. | Model NO probability is 45 percentage points above market NO price. | Liquidity is acceptable and spread is within threshold.",multiple prices in title; using first/strike match | confidence 0.36 below threshold 0.65,0.0
2026-05-30T21:22:44.288458+00:00,KXBTCD-26MAY3018,KXBTCD-26MAY3018-T65199.99,"Bitcoin price on May 30, 2026?",2026-05-30 6:00 PM EDT,37.3,73877.53,65199.99,above,30m,0.995,0.005,0.5483,0.4517,-0.4467,0.4467,0.3638,NO TRADE,0.505,0.01,0.75,"Lognormal CDF: spot $73,878, strike $65,200, sigma_h=0.0016, P(above)=1.000. | Above contract: model YES = P(above strike) = 0.548. | Fusion weights: strike=40%, rule=20%, ML=30%, OB=10%. | Model NO probability is 45 percentage points above market NO price. | Liquidity is acceptable and spread is within threshold.",multiple prices in title; using first/strike match | confidence 0.36 below threshold 0.65,0.0
2026-05-30T21:22:44.288605+00:00,KXBTCD-26MAY3018,KXBTCD-26MAY3018-T65099.99,"Bitcoin price on May 30, 2026?",2026-05-30 6:00 PM EDT,37.3,73877.53,65099.99,above,30m,0.995,0.005,0.5483,0.4517,-0.4467,0.4467,0.3638,NO TRADE,0.505,0.01,0.75,"Lognormal CDF: spot $73,878, strike $65,100, sigma_h=0.0016, P(above)=1.000. | Above contract: model YES = P(above strike) = 0.548. | Fusion weights: strike=40%, rule=20%, ML=30%, OB=10%. | Model NO probability is 45 percentage points above market NO price. | Liquidity is acceptable and spread is within threshold.",multiple prices in title; using first/strike match | confidence 0.36 below threshold 0.65,0.0
2026-05-30T21:22:44.288752+00:00,KXBTCD-26MAY3018,KXBTCD-26MAY3018-T64999.99,"Bitcoin price on May 30, 2026?",2026-05-30 6:00 PM EDT,37.3,73877.53,64999.99,above,30m,0.995,0.005,0.5483,0.4517,-0.4467,0.4467,0.3638,NO TRADE,0.505,0.01,0.75,"Lognormal CDF: spot $73,878, strike $65,000, sigma_h=0.0016, P(above)=1.000. | Above contract: model YES = P(above strike) = 0.548. | Fusion weights: strike=40%, rule=20%, ML=30%, OB=10%. | Model NO probability is 45 percentage points above market NO price. | Liquidity is acceptable and spread is within threshold.",multiple prices in title; using first/strike match | confidence 0.36 below threshold 0.65,0.0
2026-05-30T21:22:44.288896+00:00,KXBTCD-26MAY3018,KXBTCD-26MAY3018-T64899.99,"Bitcoin price on May 30, 2026?",2026-05-30 6:00 PM EDT,37.3,73877.53,64899.99,above,30m,0.995,0.005,0.5483,0.4517,-0.4467,0.4467,0.3638,NO TRADE,0.505,0.01,0.75,"Lognormal CDF: spot $73,878, strike $64,900, sigma_h=0.0016, P(above)=1.000. | Above contract: model YES = P(above strike) = 0.548. | Fusion weights: strike=40%, rule=20%, ML=30%, OB=10%. | Model NO probability is 45 percentage points above market NO price. | Liquidity is acceptable and spread is within threshold.",multiple prices in title; using first/strike match | confidence 0.36 below threshold 0.65,0.0
2026-05-30T21:22:44.289039+00:00,KXBTCD-26MAY3018,KXBTCD-26MAY3018-T64799.99,"Bitcoin price on May 30, 2026?",2026-05-30 6:00 PM EDT,37.3,73877.53,64799.99,above,30m,0.995,0.005,0.5483,0.4517,-0.4467,0.4467,0.3638,NO TRADE,0.505,0.01,0.75,"Lognormal CDF: spot $73,878, strike $64,800, sigma_h=0.0016, P(above)=1.000. | Above contract: model YES = P(above strike) = 0.548. | Fusion weights: strike=40%, rule=20%, ML=30%, OB=10%. | Model NO probability is 45 percentage points above market NO price. | Liquidity is acceptable and spread is within threshold.",multiple prices in title; using first/strike match | confidence 0.36 below threshold 0.65,0.0
2026-05-30T21:22:44.289182+00:00,KXBTCD-26MAY3018,KXBTCD-26MAY3018-T64699.99,"Bitcoin price on May 30, 2026?",2026-05-30 6:00 PM EDT,37.3,73877.53,64699.99,above,30m,0.995,0.005,0.5483,0.4517,-0.4467,0.4467,0.3638,NO TRADE,0.505,0.01,0.75,"Lognormal CDF: spot $73,878, strike $64,700, sigma_h=0.0016, P(above)=1.000. | Above contract: model YES = P(above strike) = 0.548. | Fusion weights: strike=40%, rule=20%, ML=30%, OB=10%. | Model NO probability is 45 percentage points above market NO price. | Liquidity is acceptable and spread is within threshold.",multiple prices in title; using first/strike match | confidence 0.36 below threshold 0.65,0.0
2026-05-30T21:22:44.289324+00:00,KXBTCD-26MAY3018,KXBTCD-26MAY3018-T64599.99,"Bitcoin price on May 30, 2026?",2026-05-30 6:00 PM EDT,37.3,73877.53,64599.99,above,30m,0.995,0.005,0.5483,0.4517,-0.4467,0.4467,0.3638,NO TRADE,0.505,0.01,0.75,"Lognormal CDF: spot $73,878, strike $64,600, sigma_h=0.0016, P(above)=1.000. | Above contract: model YES = P(above strike) = 0.548. | Fusion weights: strike=40%, rule=20%, ML=30%, OB=10%. | Model NO probability is 45 percentage points above market NO price. | Liquidity is acceptable and spread is within threshold.",multiple prices in title; using first/strike match | confidence 0.36 below threshold 0.65,0.0
2026-05-30T21:22:44.289472+00:00,KXBTCD-26MAY3018,KXBTCD-26MAY3018-T64499.99,"Bitcoin price on May 30, 2026?",2026-05-30 6:00 PM EDT,37.3,73877.53,64499.99,above,30m,0.995,0.005,0.5483,0.4517,-0.4467,0.4467,0.3638,NO TRADE,0.505,0.01,0.75,"Lognormal CDF: spot $73,878, strike $64,500, sigma_h=0.0016, P(above)=1.000. | Above contract: model YES = P(above strike) = 0.548. | Fusion weights: strike=40%, rule=20%, ML=30%, OB=10%. | Model NO probability is 45 percentage points above market NO price. | Liquidity is acceptable and spread is within threshold.",multiple prices in title; using first/strike match | confidence 0.36 below threshold 0.65,0.0
2026-05-30T21:22:44.289616+00:00,KXBTCD-26MAY3018,KXBTCD-26MAY3018-T64399.99,"Bitcoin price on May 30, 2026?",2026-05-30 6:00 PM EDT,37.3,73877.53,64399.99,above,30m,0.995,0.005,0.5483,0.4517,-0.4467,0.4467,0.3638,NO TRADE,0.505,0.01,0.75,"Lognormal CDF: spot $73,878, strike $64,400, sigma_h=0.0016, P(above)=1.000. | Above contract: model YES = P(above strike) = 0.548. | Fusion weights: strike=40%, rule=20%, ML=30%, OB=10%. | Model NO probability is 45 percentage points above market NO price. | Liquidity is acceptable and spread is within threshold.",multiple prices in title; using first/strike match | confidence 0.36 below threshold 0.65,0.0
2026-05-30T21:22:44.289774+00:00,KXBTCD-26MAY3018,KXBTCD-26MAY3018-T64299.99,"Bitcoin price on May 30, 2026?",2026-05-30 6:00 PM EDT,37.3,73877.53,64299.99,above,30m,0.995,0.005,0.5483,0.4517,-0.4467,0.4467,0.3638,NO TRADE,0.505,0.01,0.75,"Lognormal CDF: spot $73,878, strike $64,300, sigma_h=0.0016, P(above)=1.000. | Above contract: model YES = P(above strike) = 0.548. | Fusion weights: strike=40%, rule=20%, ML=30%, OB=10%. | Model NO probability is 45 percentage points above market NO price. | Liquidity is acceptable and spread is within threshold.",multiple prices in title; using first/strike match | confidence 0.36 below threshold 0.65,0.0
2026-05-30T21:22:44.289917+00:00,KXBTCD-26MAY3018,KXBTCD-26MAY3018-T64199.99,"Bitcoin price on May 30, 2026?",2026-05-30 6:00 PM EDT,37.3,73877.53,64199.99,above,30m,0.995,0.005,0.5483,0.4517,-0.4467,0.4467,0.3638,NO TRADE,0.505,0.01,0.75,"Lognormal CDF: spot $73,878, strike $64,200, sigma_h=0.0016, P(above)=1.000. | Above contract: model YES = P(above strike) = 0.548. | Fusion weights: strike=40%, rule=20%, ML=30%, OB=10%. | Model NO probability is 45 percentage points above market NO price. | Liquidity is acceptable and spread is within threshold.",multiple prices in title; using first/strike match | confidence 0.36 below threshold 0.65,0.0
2026-05-30T21:22:44.290059+00:00,KXBTCD-26MAY3018,KXBTCD-26MAY3018-T64099.99,"Bitcoin price on May 30, 2026?",2026-05-30 6:00 PM EDT,37.3,73877.53,64099.99,above,30m,0.995,0.005,0.5483,0.4517,-0.4467,0.4467,0.3638,NO TRADE,0.505,0.01,0.75,"Lognormal CDF: spot $73,878, strike $64,100, sigma_h=0.0016, P(above)=1.000. | Above contract: model YES = P(above strike) = 0.548. | Fusion weights: strike=40%, rule=20%, ML=30%, OB=10%. | Model NO probability is 45 percentage points above market NO price. | Liquidity is acceptable and spread is within threshold.",multiple prices in title; using first/strike match | confidence 0.36 below threshold 0.65,0.0
